,x
100_g_at,-0.012713168
1000_at,-0.307693174
1001_at,0.208209033
1002_f_at,0.13906343
1003_s_at,0.064796573
1004_at,0.144311096
1005_at,-0.445706605
1006_at,0.527938456
1007_s_at,-0.273775802
1008_f_at,-0.115285097
1009_at,0.096305461
101_at,0.109221567
1010_at,0.111241561
1011_s_at,-0.885088325
1012_at,0.031106924
1013_at,0.13245335
1014_at,-0.010982874
1015_s_at,0.174617092
1016_s_at,0.078899591
1017_at,-0.087870653
1018_at,-0.041272491
1019_g_at,0.000948156
102_at,0.146735969
1020_s_at,0.131026594
1021_at,0.27394424
1022_f_at,0.317789921
1023_at,0.193177474
1024_at,0.146631472
1025_g_at,-0.035264435
1026_s_at,-0.040204885
1027_at,0.179263082
1028_at,0.059170669
1029_s_at,0.214976608
103_at,0.118191163
1030_s_at,-0.110487688
1031_at,0.4468215
1032_at,0.098038721
1033_g_at,0.1603355
1034_at,-0.588580919
1035_g_at,-0.655110123
1036_at,0.098896239
1037_at,0.009161552
1038_s_at,-0.351026206
1039_s_at,-1.053250091
104_at,0.123329519
1040_s_at,-0.11785143
1041_at,0.117351115
1042_at,0.148361514
1043_s_at,-0.040007288
1044_s_at,-0.093769952
1045_s_at,-0.513275513
1046_at,-0.087946245
1047_s_at,-0.524362179
1048_at,0.10374388
1049_g_at,0.087812502
105_at,0.182103982
1050_at,-0.072850831
1051_g_at,-0.247445812
1052_s_at,-0.877229215
1053_at,0.43824321
1054_at,0.065261231
1055_g_at,0.311363502
1056_s_at,0.236282647
1057_at,-0.824740585
1058_at,-0.276343004
1059_at,0.133255684
106_at,-0.200094974
1060_g_at,0.240407209
1061_at,0.155659638
1062_g_at,0.036810577
1063_s_at,-0.124704294
1064_at,-1.004544616
1065_at,0.304225496
1066_at,0.068124468
1067_at,0.097916241
1068_g_at,0.063049558
1069_at,-0.443761282
107_at,0.149876514
1070_at,0.212469886
1071_at,0.370529642
1072_g_at,0.35685071
1073_at,0.184257772
1074_at,0.012437399
1075_f_at,0.283393709
1076_at,0.357907578
1077_at,-0.012736883
1078_at,0.1264219
1079_g_at,0.018244892
108_g_at,0.085485114
1080_s_at,0.308724082
1081_at,0.290851825
1082_at,-0.165508455
1083_s_at,-0.004760675
1084_at,0.156883652
1085_s_at,0.021064974
1086_at,0.114165078
1087_at,0.141988022
1088_at,-0.116332351
1089_i_at,0.113553942
109_at,0.383095579
1090_f_at,0.374420596
1091_at,0.053318042
1092_at,0.022412378
1093_at,0.256458493
1094_g_at,0.040821288
1095_s_at,-0.005016906
1096_g_at,0.224544636
1097_s_at,0.1969963
1098_at,-0.021465481
1099_s_at,-0.131858783
110_at,-0.154474845
1100_at,0.232299304
1101_at,-0.087767116
1102_s_at,-0.088886492
1103_at,-0.540267417
1104_s_at,0.505193431
1105_s_at,-1.837974093
1106_s_at,0.094244865
1107_s_at,0.055468424
1108_s_at,-0.11042874
1109_s_at,0.001350373
111_at,-0.003628172
1110_at,0.121280022
1111_at,-0.056766331
1112_g_at,-0.010265216
1113_at,-0.198814329
1114_at,-0.207639056
1115_at,0.367473797
1116_at,0.318702393
1117_at,-0.034717662
1118_at,0.019911163
1119_at,0.32067999
112_g_at,0.27713468
1120_at,0.021240371
1121_g_at,0.012659287
1122_f_at,0.264498179
1123_at,0.194557204
1124_at,0.133608894
1125_s_at,-0.417935315
1126_s_at,-2.048990722
1127_at,0.054660153
1128_s_at,0.098798039
1129_at,0.324007138
113_i_at,0.371826338
1130_at,-0.101771103
1131_at,0.053879566
1132_s_at,0.011844008
1133_at,-0.003124816
1134_at,-0.090547036
1135_at,-0.394676103
1136_at,0.127273946
1137_at,-0.077594801
1138_at,0.063701595
1139_at,-0.140312044
114_r_at,0.096089902
1140_at,0.15009989
1141_at,0.189886064
1142_at,0.17371922
1143_s_at,0.075307894
1144_at,0.151665449
1145_g_at,0.02465674
1146_at,0.047679578
1147_at,-0.769563879
1148_s_at,0.209476385
1149_at,0.09427454
115_at,-0.102900055
1150_at,0.056619618
1151_at,0.24197961
1152_i_at,0.203808281
1153_f_at,0.127072596
1154_at,0.311507237
1155_at,-0.054110035
1156_at,0.181449933
1157_s_at,0.018027388
1158_s_at,-0.165502804
1159_at,-0.044622169
116_at,0.106014809
1160_at,0.399097918
1161_at,-0.01601754
1162_g_at,0.060796433
1163_at,0.27822193
1164_at,0.148643101
1165_at,0.288211606
1166_at,0.09328237
1167_s_at,-0.046082711
1168_at,0.262388059
1169_at,0.153084846
117_at,0.163460236
1170_at,0.026923625
1171_s_at,-0.064935339
1172_at,0.083638118
1173_g_at,-0.341029415
1174_at,0.296150615
1175_s_at,0.247714873
1176_at,0.030674627
1177_at,0.045648412
1178_at,-0.153375271
1179_at,-0.002438575
118_at,0.258803129
1180_g_at,0.125216985
1181_at,0.022819067
1182_at,0.435193403
1183_at,0.217747488
1184_at,-0.153061984
1185_at,0.049891447
1186_at,0.08440216
1187_at,0.114103044
1188_g_at,0.287358723
1189_at,0.156902831
1190_at,0.071967242
1191_s_at,0.249338452
1192_at,0.157255532
1193_at,-0.004677663
1194_g_at,0.035482001
1195_s_at,0.067066202
1196_at,0.191589497
1197_at,-0.062628532
1198_at,-0.123490655
1199_at,-0.101185088
120_at,-0.47077862
1200_at,0.180905209
1201_at,0.003781857
1202_g_at,0.062065979
1203_at,0.230485401
1204_at,0.186085884
1205_at,0.412449874
1206_at,-0.008914483
1207_at,0.335991354
1208_at,0.034476933
1209_at,0.077369284
121_at,0.003131279
1210_s_at,0.115449161
1211_s_at,0.924901813
1212_at,0.133511508
1213_at,-0.055349718
1214_s_at,0.255556644
1217_g_at,1.099354327
1218_at,0.03024862
1219_at,-0.051569264
122_at,-0.071422009
1220_g_at,-0.168558984
1221_at,-0.199634719
1222_at,0.010837453
1223_at,0.032983378
1224_at,-0.487364115
1225_g_at,-0.494111969
1226_at,0.11275986
1227_g_at,0.042383587
1228_s_at,-0.293571008
1229_at,-0.304372283
123_at,-0.021513025
1230_g_at,-0.194206381
1231_at,0.119885557
1232_s_at,-2.146433011
1233_s_at,-0.0220928
1234_at,0.005406528
1235_at,-0.30643643
1236_s_at,0.010704266
1237_at,-0.936074778
1238_at,0.01772542
1239_s_at,0.008153203
1240_at,0.276012071
1241_at,0.065993922
1242_at,-0.190410058
1243_at,-0.670647976
1244_at,-0.101896444
1245_i_at,-0.355333599
1246_at,-0.040245185
1247_g_at,-0.099397193
1248_at,0.313751332
1249_at,0.276589547
1250_at,0.050685975
1251_g_at,0.343000681
1252_at,-0.397039059
1253_at,-0.032389196
1254_at,0.085376788
1255_g_at,0.126302766
1256_at,0.073893282
1257_s_at,-0.359491144
1258_s_at,0.185849125
1259_at,-0.023561499
126_s_at,2.24092418
1260_s_at,0.125184401
1261_i_at,-0.164718249
1262_s_at,-0.141210979
1263_at,-0.005985472
1264_at,0.081972129
1265_g_at,0.021162607
1266_s_at,0.038504674
1267_at,0.068511996
1268_at,-0.425910479
1269_at,0.190041984
1270_at,0.098020083
1271_g_at,-0.161613305
1272_at,0.227909857
1273_r_at,0.195029262
1274_s_at,0.122659276
1275_at,-0.002087543
1276_g_at,-0.441436446
1277_at,-0.197032382
1278_at,-1.700766525
1279_s_at,-0.038862107
128_at,-0.053626855
1280_i_at,-0.02942569
1281_f_at,0.264165725
1282_s_at,-0.084607994
1283_at,-0.10368058
1284_at,-0.255812276
1285_at,0.338572293
1286_s_at,0.155934341
1287_at,0.051822361
1288_s_at,-0.050705431
1289_at,0.169169464
129_g_at,-0.041925617
1290_g_at,0.15748322
1291_s_at,-0.075684588
1292_at,-0.063064438
1293_s_at,0.283996989
1294_at,-0.014570797
1295_at,-0.105479386
1296_at,0.021360302
1297_at,0.075843972
1298_at,-0.094275825
1299_at,-0.061313278
130_s_at,0.138990657
1300_at,0.286374662
1303_at,0.256840775
1304_at,0.101962198
1305_s_at,0.008942338
1306_at,-0.095566852
1307_at,0.654520767
1308_g_at,0.189101063
1309_at,0.657648568
131_at,0.212445533
1310_at,0.282503307
1311_at,0.114564411
1312_at,0.367191773
1313_at,0.283785167
1314_at,0.142377457
1315_at,0.048930134
1316_at,0.115528469
1317_at,-0.033605213
1318_at,-0.122346227
1319_at,-0.436919872
1320_at,0.137453785
1321_s_at,-0.197712087
1322_at,0.057111672
1323_at,0.07029825
1324_at,0.243455927
1325_at,-0.51830553
1326_at,0.170325958
1327_s_at,0.312046172
1328_at,-0.036079989
1329_s_at,0.011282953
133_at,0.054760947
1330_at,0.145238232
1331_s_at,0.142482174
1332_f_at,0.204785221
1333_f_at,-0.101499276
1334_s_at,0.227596476
1335_at,-0.184666826
1336_s_at,0.918687219
1337_s_at,-0.064825725
1338_s_at,0.331190998
1339_s_at,0.021899394
134_at,0.029759691
1340_s_at,0.015850899
1341_at,0.080242958
1342_g_at,-0.207933772
1343_s_at,-0.145220635
1344_at,0.140880062
1345_s_at,0.161293277
1346_at,0.039330734
1347_at,-0.451922352
1348_s_at,-0.411272626
1349_at,-0.014331711
135_g_at,-0.164466751
1350_at,-0.00585556
1351_at,0.041159949
1352_at,0.091484348
1353_g_at,0.165296616
1354_at,0.145176204
1355_g_at,0.049744132
1356_at,0.509804206
1357_at,-0.085948191
1358_s_at,-0.347037307
1359_at,-0.044031719
136_at,0.1522384
1360_at,0.232801315
1361_at,-0.057473034
1362_s_at,-0.051749726
1363_at,-0.02086838
1364_at,-0.800350715
1365_at,0.064014142
1366_i_at,-0.124107502
1367_f_at,-0.192048819
1368_at,-0.623149006
1369_s_at,-0.568821387
137_at,1.433648547
1370_at,0.080040638
1371_s_at,0.244243686
1372_at,-0.040646854
1373_at,0.191270984
1374_g_at,0.04691117
1375_s_at,-0.835056429
1376_at,0.18336165
1377_at,-0.125479435
1378_g_at,0.009996392
1379_at,-0.212470721
138_at,0.007854155
1380_at,0.117633633
1381_at,0.23341193
1382_at,-0.162169125
1383_at,0.067351953
1384_at,0.209179978
1385_at,-2.06231232
1386_at,-0.039179307
1387_at,0.123161729
1388_g_at,-0.301056106
1389_at,0.034153714
139_at,0.080016571
1390_s_at,0.130704022
1391_s_at,0.123668197
1392_at,0.130566347
1393_at,0.131053433
1394_at,-0.063106419
1395_at,0.07705913
1396_at,-1.397387166
1397_at,-0.070650935
1398_g_at,-0.169950826
1399_at,0.354948634
140_s_at,0.05224993
1400_at,0.251790763
1401_g_at,0.019056573
1402_at,0.785264752
1403_s_at,0.229533615
1404_r_at,-0.009201028
1405_i_at,0.116551301
1406_at,-0.01101659
1407_g_at,0.063116802
1408_at,-0.126463053
1409_at,0.015867394
141_s_at,0.032162013
1410_at,0.057184367
1411_at,0.200330305
1412_g_at,0.255540122
1413_at,0.170572378
1414_at,0.118264781
1415_at,0.12006046
1416_g_at,0.138291165
1417_at,0.170505052
1418_at,0.154563242
1419_g_at,0.089828305
142_at,-0.162235681
1420_s_at,-0.228080739
1421_at,-0.172927656
1422_g_at,0.113273235
1423_at,0.057519225
1424_s_at,0.363610384
1425_at,0.231101971
1426_at,-0.044143261
1427_g_at,-0.160383336
1428_at,0.132656267
143_s_at,0.180792932
1430_at,0.185618065
1431_at,0.078213775
1432_s_at,0.126953553
1433_g_at,0.043225653
1434_at,0.022038337
1435_f_at,0.197934497
1436_at,-0.032070915
1437_at,-0.042873168
1438_at,0.016176894
1439_s_at,-0.297042395
144_at,-0.005156276
1440_s_at,-0.143712499
1441_s_at,-0.206772629
1442_at,0.185827892
1443_at,-0.36092124
1444_at,0.296102797
1445_at,0.199952129
1446_at,0.290701687
1447_at,0.602671282
1448_at,0.319629975
1449_at,0.475382241
145_s_at,0.07941588
1450_g_at,0.417133156
1451_s_at,-0.812438402
1452_at,-0.00579472
1453_at,-0.348783873
1454_at,-0.12123442
1455_f_at,0.062698182
1456_s_at,-1.701779444
1457_at,-0.212532139
1458_at,-0.066432382
1459_at,0.247456385
146_at,-0.036139332
1460_g_at,0.428758468
1461_at,-0.333285053
1462_s_at,0.144407368
1463_at,-0.216817087
1464_at,0.186054338
1465_s_at,0.043451325
1466_s_at,0.068443988
1467_at,-1.507063246
1468_at,0.490964933
1469_at,-0.019139708
147_at,0.02422746
1470_at,0.030115808
1471_at,0.216440183
1472_g_at,0.204772382
1473_s_at,0.521068405
1474_s_at,0.384477426
1475_s_at,0.200146685
1476_s_at,0.228109079
1477_s_at,0.212286497
1478_at,-1.059809059
1479_g_at,-0.293659723
148_at,-0.185912127
1480_at,0.402453222
1481_at,0.029332483
1482_g_at,0.153127939
1483_at,-0.076729171
1484_at,0.062724583
1485_at,0.042150075
1486_at,0.151755092
1487_at,0.168186636
1488_at,-1.660230738
1489_s_at,0.215481421
149_at,0.267410975
1490_at,0.447293026
1491_at,-1.259653319
1492_f_at,0.096635
1493_r_at,-0.033368052
1494_f_at,0.015766232
1495_at,-0.707356788
1496_at,-0.15032821
1497_at,0.124197335
1498_at,-0.476846745
1499_at,0.131115491
150_at,0.296271962
1500_at,1.095383054
1501_at,0.36520553
1503_at,-0.11974421
1504_s_at,0.082702537
1505_at,0.170802251
1506_at,-0.166241563
1507_s_at,-0.015851475
1508_at,0.048911157
1509_at,0.271211493
151_s_at,-0.172850034
1510_g_at,-0.009403914
1511_at,0.001932113
1512_at,0.182302941
1513_at,0.171110236
1514_g_at,0.274436361
1515_at,-0.00708345
1516_g_at,0.228475634
1517_at,0.093315948
1518_at,-0.102488095
1519_at,-0.290957203
152_f_at,0.215844664
1520_s_at,-0.039969717
1521_at,0.369750972
1522_at,0.116024445
1523_g_at,-0.080005273
1524_at,0.008807746
1525_s_at,0.385580216
1526_i_at,0.300594434
1527_s_at,-0.429908359
1528_at,0.261409316
1529_at,0.086998538
153_f_at,1.219066409
1530_g_at,-0.006397735
1531_at,-0.018245143
1532_g_at,-0.123762045
1533_at,-0.039444476
1534_at,0.094597426
1535_at,-0.218363561
1536_at,0.077781799
1537_at,-0.543474298
1538_s_at,0.138777109
1539_at,0.031632601
154_at,0.075932585
1540_f_at,0.008335419
1541_f_at,0.058775187
1542_at,0.144688712
1543_at,0.222708404
1544_at,0.40231672
1545_g_at,0.148906964
1546_at,-0.452820153
1547_at,0.054553901
1548_s_at,0.233873393
1549_s_at,0.095214795
155_s_at,-0.010883531
1550_at,0.236706833
1551_g_at,0.292908718
1552_i_at,-0.025029424
1553_r_at,-0.035998993
1554_f_at,-0.007713385
1555_f_at,0.014624713
1556_at,-0.068328584
1557_at,-0.335480508
1558_g_at,-0.694450631
1559_at,-0.044228374
156_s_at,-0.178572295
1560_g_at,-0.190221364
1561_at,0.219464421
1562_g_at,0.057961741
1563_s_at,-0.43796588
1564_at,-0.264931978
1565_s_at,0.161377125
1566_at,0.121292272
1567_at,0.073563802
1568_s_at,0.053950568
1569_r_at,0.256088413
157_at,1.032076367
1570_f_at,0.144548185
1571_f_at,-0.911929035
1572_s_at,-0.073056504
1573_at,-0.018250342
1574_s_at,0.077112878
1575_at,0.19651876
1576_g_at,0.111168738
1577_at,-0.017240825
1578_g_at,0.183257825
1579_at,0.163241534
158_at,0.050424445
1580_f_at,0.138495527
1581_s_at,-0.190260011
1582_at,-0.220217499
1583_at,0.591869588
1584_at,0.224616805
1585_at,-1.751824312
1586_at,-2.039602508
1587_at,-0.140367827
1588_at,-0.00608381
1589_s_at,-0.097957499
159_at,-0.867390249
1590_s_at,0.062817698
1591_s_at,-0.140991718
1592_at,-0.109679253
1593_at,-0.069319851
1594_at,0.102552588
1595_at,-0.014476234
1596_g_at,-0.267712719
1597_at,-0.362715783
1598_g_at,-0.314500926
1599_at,-0.015564207
160_at,0.009266593
1600_at,0.134468895
160020_at,-0.124554348
160021_r_at,0.096568275
160022_at,0.029296465
160023_at,0.110262498
160024_at,0.072218827
160025_at,-0.365783131
160026_at,0.154306191
160027_s_at,-0.120266026
160028_s_at,0.136772277
160029_at,1.2505777
160030_at,0.121148308
160031_at,0.018174991
160032_at,-0.147111872
160033_s_at,-0.04101116
160034_s_at,0.198896973
160035_at,0.193368721
160036_at,0.211462978
160037_at,0.000719413
160038_s_at,0.050522616
160039_at,-0.009024146
160040_at,0.387698698
160041_at,0.196856594
160042_s_at,0.170558185
160043_at,-0.895430819
160044_g_at,0.125253434
1601_s_at,-0.165793074
1602_at,0.332365325
1603_g_at,0.15311455
1604_at,0.215877522
1605_g_at,0.233097635
1606_at,-0.052414869
1607_at,0.107675862
1608_at,0.064049613
1609_g_at,-0.195153633
161_at,0.061634022
1610_s_at,0.065222514
1611_s_at,0.110433325
1612_s_at,-0.310176124
1613_s_at,-0.000352734
1614_s_at,-0.02212568
1615_at,-0.036694983
1616_at,-0.165864341
1617_at,-0.092485895
1618_at,0.150903897
1619_g_at,0.008341482
162_at,-0.350587869
1620_at,0.158404305
1621_at,0.286732391
1622_at,-0.279379415
1623_s_at,0.080170347
1624_at,-0.023322796
1625_at,0.18991765
1626_at,0.161820026
1627_at,0.096679692
1628_at,0.099640642
1629_s_at,-0.319565674
163_at,-0.103152683
1630_s_at,0.32583164
1631_at,0.19025438
1632_at,0.093963036
1633_g_at,-0.040300185
1634_s_at,0.154342641
1635_at,-0.071411429
1636_g_at,0.103369099
1637_at,0.008752139
1638_at,0.034446255
1639_s_at,-0.108972022
164_at,0.089728546
1640_at,0.024118273
1641_s_at,-0.21098483
1642_at,-0.281263339
1643_g_at,-0.421030074
1644_at,0.279347359
1645_at,0.103013887
1646_at,0.261887139
1647_at,-0.367726967
1648_at,-1.138510274
1649_at,-0.209834956
165_g_at,0.23158732
1650_g_at,-0.227282262
1651_at,-1.089327426
1652_at,-0.214385558
1653_at,0.203609216
1654_at,0.185166741
1655_s_at,0.254390617
1656_s_at,-0.472526237
1657_at,0.32637689
1658_g_at,0.335448193
1659_s_at,0.156589595
166_at,0.013439191
1660_at,0.235457177
1661_i_at,0.075210078
1662_r_at,-0.004277881
1663_at,0.118478944
1664_at,-0.896459589
1665_s_at,0.050394217
1666_at,0.094063448
1667_s_at,0.005988308
1668_s_at,0.342918374
1669_at,-0.754825356
167_at,0.13783804
1670_at,-0.069615585
1671_s_at,-0.163256756
1672_f_at,-0.634763983
1673_at,0.062765149
1674_at,0.188353724
1675_at,-0.598154326
1676_s_at,0.021286436
1677_at,-0.124198084
1678_g_at,-0.74986331
1679_at,0.145477938
168_at,0.128990256
1680_at,-0.165915883
1681_at,0.121865834
1682_s_at,0.216013008
1683_at,0.122898893
1684_s_at,0.054270573
1685_at,-0.066378708
1686_g_at,0.041477104
1687_s_at,-0.070317297
1688_s_at,-0.066065501
1689_at,0.22408901
169_at,0.172186208
1690_at,0.207886638
1691_at,0.034565411
1692_s_at,0.130911734
1693_s_at,-0.216461984
1694_s_at,-0.239352456
1695_at,-0.022563922
1696_at,0.465411135
1697_s_at,-0.325781767
1698_g_at,-0.060336235
1699_at,0.286885547
170_at,0.120603428
1700_at,0.032677792
1701_at,-0.022949188
1702_at,0.363064814
1703_g_at,-0.049008245
1704_at,-0.010076815
1705_s_at,0.113805642
1706_at,-0.036890813
1707_g_at,0.00332686
1708_at,0.060739509
1709_g_at,0.007143502
171_at,0.447626914
1710_s_at,-0.039320122
1711_at,0.078451384
1712_s_at,-0.002682238
1713_s_at,-0.47222512
1714_at,0.112690906
1715_at,-0.358807585
1716_at,-0.019096425
1717_s_at,-0.558090421
1718_at,-0.491625583
1719_at,-0.0524978
172_at,-0.069588597
1720_at,0.2258561
1721_g_at,0.196689868
1722_at,0.196944163
1723_g_at,-0.340211439
1724_at,0.057728608
1725_s_at,-0.15870649
1726_at,0.01576073
1727_at,0.142220316
1728_at,0.316783225
1729_at,-0.059816191
173_at,0.082673054
1730_s_at,0.241825491
1731_at,-0.58404322
1732_at,-0.211957748
1733_at,-0.197308984
1734_at,0.013992005
1735_g_at,0.028838259
1736_at,-0.840123284
1737_s_at,-0.990369144
1738_at,0.171082498
1739_at,0.081475666
174_s_at,0.131475432
1740_g_at,0.01961776
1741_s_at,-1.172988238
1742_at,0.094896029
1743_s_at,-0.054003939
1744_at,0.117266834
1745_at,-0.036485006
1746_s_at,0.064970569
1747_at,-0.061990641
1748_s_at,0.688909089
1749_at,0.006190617
175_s_at,0.129002019
1750_at,0.009896342
1751_g_at,0.279156305
1752_at,-0.611431422
1753_s_at,-0.197545626
1754_at,-0.013164172
1755_i_at,0.164968209
1756_f_at,-0.046110623
1757_i_at,-0.011678362
1758_r_at,-0.044966896
1759_f_at,-0.009009309
176_at,0.11481303
1760_s_at,0.389600648
1761_at,-0.372486728
1762_at,0.138621503
1763_at,-0.007056012
1764_s_at,-0.327277718
1765_at,0.172672582
1766_g_at,0.313548125
1767_s_at,0.050060841
1768_s_at,-0.013931042
1769_at,0.049408324
177_at,0.104830455
1770_at,0.203061343
1771_s_at,-0.252006891
1772_s_at,-0.077467157
1773_at,-0.172198774
1774_at,0.105782551
1775_at,0.046714997
1776_at,0.180685537
1777_at,-0.074831126
1778_g_at,-0.259113685
1779_s_at,0.848458869
178_f_at,0.083859186
1780_at,0.115453673
1781_at,-0.031636937
1782_s_at,0.405212811
1783_at,-0.126612228
1784_s_at,0.235249192
1785_at,0.033970397
1786_at,0.061202695
1787_at,-0.205015199
1788_s_at,-1.660892215
1789_at,0.509523449
179_at,-0.019097692
1790_s_at,-0.05430397
1791_s_at,0.183893354
1792_g_at,-0.109179344
1793_at,-0.000506516
1794_at,0.098022718
1795_g_at,0.218162224
1796_s_at,-0.106697374
1797_at,-0.051716584
1798_at,-1.52129981
1799_at,0.018191422
180_at,-0.015435188
1800_g_at,0.088610028
1801_at,-0.201564572
1802_s_at,-0.296162369
1803_at,0.23344912
1804_at,0.092001782
1805_g_at,0.221932772
1806_at,0.012376971
1807_g_at,0.041593579
1808_s_at,0.067767612
1809_at,0.332332127
181_g_at,0.058859601
1810_s_at,-0.053909987
1811_at,0.279736514
1812_s_at,-0.382382705
1813_at,-0.225649496
1814_at,-1.022927439
1815_g_at,-1.339933025
1816_at,0.112111877
1817_at,0.362183621
1818_at,0.185527013
1819_at,-0.157974455
182_at,-0.462153918
1820_g_at,0.041826149
1821_at,0.407169576
1822_at,-0.223003858
1823_g_at,0.04515523
1824_s_at,-0.242184506
1825_at,-0.42482449
1826_at,-0.752330486
1827_s_at,-0.344051421
1828_s_at,0.076273493
183_at,0.091767836
1830_s_at,-0.006827184
1831_at,-0.046732926
1832_at,-0.10299888
1833_at,-0.528736014
1834_at,-0.121682535
1836_at,-0.266303682
1837_at,0.058832108
1838_g_at,0.014444413
1839_at,0.231333673
184_at,0.008951406
1840_g_at,0.253193543
1841_s_at,0.131363233
1842_at,0.838569813
1843_at,0.20905952
1844_s_at,-0.232126239
1845_at,-0.043311921
1846_at,-0.146965675
1847_s_at,0.088126858
1848_at,0.102498225
1849_s_at,0.191436824
185_at,0.011329236
1850_at,0.340293624
1851_s_at,0.230297007
1852_at,0.120995655
1853_at,0.32116139
1854_at,-0.081794937
1855_at,0.189256117
1856_at,-0.225886877
1857_at,-0.675855535
1858_at,0.027466719
1859_s_at,0.193574942
186_at,-0.025038157
1860_at,0.298977836
1861_at,-0.053751452
1862_at,0.37907273
1863_s_at,0.11878484
1865_at,0.042982445
1866_g_at,-0.013391621
1867_at,0.107318829
1868_g_at,0.076544134
1869_at,-0.013495309
187_at,-0.109145553
1870_at,-0.072945305
1871_g_at,-0.156932864
1872_at,0.323440474
1873_at,0.152631001
1874_at,-0.322753683
1875_f_at,0.09316175
1876_at,0.045717943
1877_g_at,0.322135806
1878_g_at,0.084796156
1879_at,-0.443456556
188_at,-0.012381366
1880_at,-0.017198808
1881_at,0.313490098
1882_g_at,0.445676318
1883_s_at,0.13750056
1884_s_at,-0.167458762
1885_at,-0.022060262
1886_at,0.166535532
1887_g_at,0.207837336
1888_s_at,0.000924114
189_s_at,-0.313217491
1890_at,-0.043360038
1891_at,0.348187737
1892_s_at,0.302770698
1893_s_at,0.202026261
1894_f_at,0.043716138
1895_at,-0.328526217
1896_s_at,-0.370843811
1897_at,0.121944096
1898_at,-0.341663607
1899_s_at,-0.026596225
190_at,0.119632513
1900_at,0.178795069
1901_s_at,-0.130980762
1902_at,0.120023522
1903_at,0.108920189
1904_at,0.501650904
1905_s_at,0.003251442
1906_at,-0.212670935
1907_at,0.093826996
1908_at,0.143432081
1909_at,-0.061346998
191_at,0.105829509
1910_s_at,0.108886434
1911_s_at,0.456321594
1912_s_at,0.132867176
1913_at,-0.699377228
1914_at,0.11522494
1915_s_at,-1.33559631
1916_s_at,-2.026565816
1917_at,-0.254118157
1918_at,0.256610553
1919_at,-0.168947901
192_at,0.294805396
1920_s_at,-0.038833719
1921_at,0.118650008
1922_g_at,0.26978499
1923_at,-0.033962861
1924_at,0.617150171
1925_at,0.06800611
1926_at,-0.108884051
1927_s_at,0.146452893
1928_s_at,-0.281022516
1929_at,0.82192999
193_at,0.377701557
1930_at,-0.1080708
1931_at,0.248893302
1932_at,0.104498887
1933_g_at,0.24820218
1934_s_at,-0.61261001
1935_at,0.125636548
1936_s_at,-0.082139334
1937_at,-0.150116529
1938_at,0.052613768
1939_at,-0.825321717
194_at,0.019641228
1940_at,-0.133934945
1941_at,0.057401075
1942_s_at,0.11804761
1943_at,0.341876956
1944_f_at,0.159000912
1945_at,0.246285226
1946_at,0.0511117
1947_g_at,0.127337171
1948_f_at,0.143829571
1949_at,0.341977139
195_s_at,-1.520955161
1950_s_at,-0.199940557
1951_at,-0.012265163
1952_s_at,0.383407637
1953_at,-0.227345771
1954_at,0.262883384
1955_s_at,0.155794075
1956_s_at,0.248491316
1957_s_at,0.059947276
1958_at,0.227233133
1959_at,-0.171900442
196_s_at,0.336310673
1960_at,0.26090807
1961_f_at,0.129072974
1962_at,-0.013804373
1963_at,-0.016899791
1964_g_at,0.025404344
1965_s_at,-0.035787622
1966_i_at,0.100559582
1967_f_at,0.104709025
1968_g_at,-0.091662908
1969_s_at,0.293049228
197_at,0.022066528
1970_s_at,-0.223154292
1971_g_at,-0.029994951
1972_s_at,-0.127793718
1973_s_at,-0.015501973
1974_s_at,-0.665700048
1975_s_at,0.212294865
1976_s_at,0.088208903
1977_s_at,-0.135321845
1978_at,-0.037871195
1979_s_at,-0.296657852
198_g_at,-0.00521589
1980_s_at,0.138427852
1981_s_at,-0.092533929
1983_at,0.060232223
1984_s_at,-0.768076835
1985_s_at,0.348689123
1986_at,-0.240938156
1987_at,-0.023269541
1988_at,0.00373069
1989_at,0.15519467
199_s_at,0.107357237
1990_g_at,-0.063840537
1991_s_at,-0.210312014
1992_at,0.043500806
1993_s_at,0.107654552
1994_at,0.320864808
1995_at,0.446596374
1996_s_at,0.025851391
1997_s_at,-0.118738231
1998_i_at,-0.30939463
1999_s_at,-0.033306935
200_at,0.036560263
2000_at,-0.554564371
2001_g_at,-0.080343358
2002_s_at,-0.292823072
2003_s_at,0.1095898
2004_at,-0.354972175
2005_s_at,0.105993236
2006_at,0.05385886
2007_g_at,0.015745818
2008_s_at,0.1624648
2009_at,0.083018179
201_s_at,-0.371635163
2010_at,0.06092311
2011_s_at,0.076527845
2012_s_at,-0.007001812
2013_at,0.080161073
2014_s_at,-0.282525601
2015_s_at,0.10396948
2016_s_at,0.11876859
2017_s_at,-1.22942144
2018_at,0.046197265
2019_s_at,-1.183739832
202_at,0.040330587
2020_at,-1.305221066
2021_s_at,0.116855777
2022_at,0.016085799
2023_g_at,0.092731585
2024_s_at,0.734238657
2025_s_at,-0.182605871
2026_at,0.062164175
2027_at,0.047643103
2028_s_at,-0.132719304
2029_at,0.152340015
203_at,0.572998841
2030_at,0.181674968
2031_s_at,-0.558573522
2032_s_at,0.04720935
2033_s_at,0.191974586
2034_s_at,0.154267726
2035_s_at,-0.283316173
2036_s_at,-2.428898383
2037_s_at,-0.222330038
2038_g_at,0.071724653
2039_s_at,-0.420957304
204_at,0.19186619
2040_s_at,0.009239136
2041_i_at,0.195732121
2042_s_at,0.445500842
2043_s_at,0.117253525
2044_s_at,-0.901975537
2045_s_at,0.105246369
2046_at,0.052278056
2047_s_at,-0.027353364
2048_s_at,0.24122053
2049_s_at,-0.467937402
205_g_at,-0.154337115
2050_s_at,-0.358588602
2051_at,0.031153579
2052_g_at,-0.748161805
2053_at,-0.754731512
2054_g_at,-1.101889649
2055_s_at,0.167885685
2056_at,-0.319327723
2057_g_at,-0.969025136
2058_s_at,-0.770661354
2059_s_at,-0.771973754
206_at,0.110464695
2060_at,0.102145065
2061_at,-0.738502677
2062_at,-1.407968131
2063_at,-0.231553701
2064_g_at,-0.033136325
2065_s_at,-0.246294273
2066_at,0.046611782
2067_f_at,-0.144654851
2068_s_at,0.179278275
2069_s_at,-0.336262188
207_at,-0.038604676
2070_i_at,-0.064428243
2071_s_at,0.054840325
2072_at,0.077282483
2073_s_at,-0.266742899
2074_at,0.218713073
2075_s_at,-0.174261721
2076_s_at,-0.011626838
2077_at,0.017282993
2078_s_at,-0.017202492
2079_s_at,0.013899455
208_at,0.060869504
2080_s_at,0.078773054
2081_s_at,0.360077326
2082_s_at,-0.403610115
2083_at,0.453182399
2084_s_at,-0.034618485
2085_s_at,-0.389819199
2086_s_at,0.045522018
2087_s_at,-0.53808368
2088_s_at,-0.022521244
2089_s_at,-0.444338792
209_at,0.094153841
2090_i_at,-0.109494971
2091_at,0.200170613
2092_s_at,-2.031606792
2093_s_at,-0.197135486
2094_s_at,-0.459909562
210_at,0.027309422
211_at,0.174155303
212_at,0.25040676
213_at,-0.372944116
214_at,0.019964125
215_g_at,0.021719859
216_at,0.054190933
217_at,0.057406802
218_at,0.290108159
219_i_at,0.001713386
220_r_at,-0.218579199
221_s_at,0.0094075
222_at,-0.393547134
223_at,0.83571968
224_at,-0.538757953
225_at,-0.125275937
226_at,-0.843164303
227_g_at,-0.669092782
228_at,-0.096269439
229_at,0.352929822
230_s_at,0.004845358
231_at,0.125179983
232_at,-1.209555633
233_s_at,0.356718325
234_s_at,-0.060644603
235_at,0.046674239
236_at,-0.05997649
237_s_at,0.280877094
238_at,0.070039427
239_at,-0.73470231
240_at,0.150414579
241_g_at,0.312676448
242_at,-0.104583549
243_g_at,-0.097998262
244_at,0.035945851
245_at,0.275084595
246_at,0.340672456
247_s_at,0.171648379
248_at,-0.177473799
249_at,-0.110143681
250_at,-0.080308997
251_at,0.048773803
252_at,0.150549162
253_g_at,0.137889859
254_at,0.154090087
255_s_at,0.044783143
256_s_at,0.116103496
257_at,-0.014250004
258_at,-0.056398558
259_s_at,0.138908468
260_at,0.003726718
261_s_at,-2.728278709
262_at,0.147077504
263_g_at,-0.021655051
264_at,0.073311208
265_s_at,0.160669709
266_s_at,-1.348381474
267_at,0.186605725
268_at,0.242276842
269_at,0.063316844
270_at,0.207123229
271_s_at,0.176692437
272_at,0.101565124
273_g_at,0.181489242
274_at,-0.120575467
275_at,-0.324675945
276_at,0.083131798
277_at,-0.157581318
278_at,-0.004551894
279_at,-0.215446422
280_g_at,-0.436711942
281_s_at,-0.033439746
282_at,-0.025015768
283_at,0.097301597
284_at,0.907038466
285_g_at,1.050500361
286_at,0.68207447
287_at,0.366214455
288_s_at,0.179533693
289_at,0.127138666
290_s_at,-0.01045942
291_s_at,-1.734134857
292_s_at,-0.136542205
293_at,0.109682642
294_s_at,-0.180729041
295_s_at,0.050194454
296_at,-0.026966225
297_g_at,0.154601352
298_at,-0.016335061
299_i_at,0.219169213
300_f_at,0.376248214
301_at,-0.169802688
302_at,0.143652634
303_at,0.091742042
304_at,-0.091741873
305_g_at,-0.257505945
306_s_at,0.095173014
307_at,0.266818597
308_f_at,0.024422386
309_f_at,0.074152323
310_s_at,0.15733028
311_s_at,-2.499623077
312_s_at,-0.250569332
313_at,0.099232618
31307_at,-0.016049062
31308_at,0.136088629
31309_r_at,-0.0672642
31310_at,0.068282354
31311_at,0.128906692
31312_at,0.189771038
31313_at,0.144702961
31314_at,0.243555638
31315_at,-0.001535313
31316_at,0.186282596
31317_r_at,0.000451663
31318_at,0.187847868
31319_at,0.177013225
31320_at,0.138538085
31321_at,0.064291353
31322_at,0.240833553
31323_r_at,0.165896907
31324_at,-0.120141966
31325_at,0.034086034
31326_at,0.168269403
31327_at,0.078824239
31328_at,0.186476822
31329_at,-0.116877234
31330_at,0.283483737
31331_at,-0.01617808
31332_at,0.164385748
31333_at,0.009981532
31334_at,-0.14305071
31335_at,0.263230734
31336_at,0.059530688
31337_at,0.068148166
31338_at,-0.151141684
31339_at,-0.138077264
31340_at,0.055174143
31341_at,0.158672653
31342_at,-0.430675376
31343_at,0.13485362
31344_at,-0.021595423
31345_at,0.106205637
31346_at,0.075314019
31347_at,0.035205471
31348_at,0.194502385
31349_at,0.06190228
31350_at,0.201842337
31351_at,0.336423372
31352_at,0.13614455
31353_f_at,0.173523425
31354_r_at,0.139043234
31355_at,0.117976347
31356_at,0.070612318
31357_at,0.165113521
31358_at,0.074310542
31359_at,0.012220784
31360_at,0.007744681
31361_at,0.17656247
31362_at,0.137598856
31363_at,0.211887388
31364_i_at,-0.127777602
31365_f_at,0.065658524
31366_at,0.201580275
31367_at,0.18039525
31368_at,0.190937237
31369_at,0.231140703
31370_at,0.35724016
31371_at,0.094983475
31372_at,0.087366933
31373_at,0.181071044
31374_at,0.391340419
31375_at,0.007712076
31376_at,0.235671917
31377_r_at,0.117905305
31378_at,0.254505357
31379_at,0.162353373
31380_at,0.066651969
31381_at,0.30868588
31382_f_at,-0.124667181
31383_at,-0.008175389
31384_at,0.164789928
31385_at,0.07474969
31386_at,0.11024346
31387_at,0.063895706
31388_at,0.176336834
31389_at,0.12218783
31390_at,-0.022995992
31391_at,0.039799525
31392_r_at,0.225382549
31393_r_at,-0.028255077
31394_at,0.074421953
31395_i_at,0.1414027
31396_r_at,-0.124113674
31397_at,0.240231274
31398_at,0.051680728
31399_at,0.163432373
314_at,0.115212717
31400_at,0.20118225
31401_r_at,-0.001759137
31402_at,-0.029844096
31403_at,0.408631832
31404_at,0.135128048
31405_at,0.174845146
31406_at,0.023985822
31407_at,-0.101178327
31408_at,0.216595098
31409_at,0.193830703
31410_at,-0.011526642
31411_at,0.058139169
31412_at,0.167314412
31413_at,0.027518546
31414_at,0.192947026
31415_at,0.249607861
31416_at,-0.279792153
31417_at,0.37995405
31418_at,0.091160987
31419_r_at,-0.014369371
31420_at,0.168516903
31421_at,0.360126753
31422_at,0.071857387
31423_at,0.048930732
31424_at,0.097402425
31425_g_at,0.221882847
31426_at,0.159414872
31427_at,0.084498203
31428_at,0.152301352
31429_at,0.063269925
31430_at,-0.040857892
31431_at,-0.429849716
31432_g_at,-0.453943409
31433_at,0.06635871
31434_at,0.18672961
31435_at,0.111107112
31436_s_at,0.402113569
31437_r_at,0.156731432
31438_s_at,0.203720151
31439_f_at,0.23781957
31440_at,-0.014364114
31441_at,0.071738243
31442_at,0.187225837
31443_at,0.073218797
31444_s_at,-0.311677186
31445_at,0.129051863
31446_s_at,0.154075244
31447_at,0.252249375
31448_s_at,0.134960901
31449_at,0.087996373
31450_s_at,0.209856171
31451_at,-0.098341907
31452_at,0.100705877
31453_s_at,0.27432141
31454_f_at,0.281079668
31455_r_at,0.136273852
31456_at,0.285810843
31457_at,0.06523022
31458_at,0.089438177
31459_i_at,0.102283204
31460_f_at,0.098548219
31461_at,0.18288295
31462_f_at,0.938768923
31463_s_at,0.11366714
31464_at,-0.145121424
31465_g_at,-1.080944043
31466_at,0.163985844
31467_at,0.082714162
31468_f_at,0.193877697
31469_s_at,0.067227786
31470_at,0.185355618
31471_at,0.062783078
31472_s_at,-1.696827786
31473_s_at,0.164579124
31474_r_at,0.038891693
31475_at,0.002808958
31476_g_at,-0.042053898
31477_at,-1.298368238
31478_at,0.206410214
31479_f_at,0.061219938
31480_f_at,0.630846212
31481_s_at,-0.498057143
31482_at,0.043431347
31483_g_at,-0.021924464
31484_at,0.260851848
31485_at,0.236962705
31486_s_at,0.107745017
31487_at,0.118335788
31488_s_at,-0.859758367
31489_at,-0.117151868
31490_at,0.189062373
31491_s_at,-0.243118112
31492_at,0.851118245
31493_s_at,0.159162182
31494_at,-0.043542833
31495_at,0.130106375
31496_g_at,0.116154126
31497_at,1.481797268
31498_f_at,0.978918183
31499_s_at,0.140065089
315_at,0.165947748
31500_at,0.284107978
31501_at,0.051445799
31502_at,-0.037708536
31503_at,0.257963549
31504_at,-0.335267053
31505_at,0.042184082
31506_s_at,0.268450938
31507_at,0.21081899
31508_at,-0.278949635
31509_at,-0.00762978
31510_s_at,-0.363070323
31511_at,0.273468484
31512_at,0.059405892
31513_at,0.311186762
31514_at,0.062854234
31515_at,0.009011038
31516_f_at,0.305220036
31517_f_at,0.16614029
31518_i_at,0.321625859
31519_f_at,0.258914426
31520_at,-0.226236054
31521_f_at,0.438912631
31522_f_at,1.143133939
31523_f_at,0.968725663
31524_f_at,0.80728845
31525_s_at,0.71836574
31526_f_at,-0.395212189
31527_at,0.003973976
31528_f_at,0.921384189
31529_at,0.032086946
31530_at,0.147406192
31531_g_at,0.177856749
31532_at,0.015655022
31533_s_at,0.150835867
31534_at,0.178341733
31535_i_at,0.227128795
31536_at,-0.063737386
31537_at,0.057208916
31538_at,0.097711477
31539_r_at,0.209579256
31540_at,0.106372807
31541_at,0.192118456
31542_at,-0.004135671
31543_at,0.179994909
31544_at,-0.030692659
31545_at,0.187024842
31546_at,0.230645325
31547_at,0.381570114
31548_at,0.013022603
31549_at,0.109022388
31550_at,0.304767543
31551_at,0.041936326
31552_at,0.082504324
31553_at,0.262109713
31554_at,-0.010343314
31555_at,0.083029987
31556_at,0.229040406
31557_at,-0.035694803
31558_at,0.166156813
31559_at,0.051265626
31560_at,0.010295381
31561_at,0.203690543
31562_at,0.17492512
31563_at,0.054637391
31564_at,0.105416338
31565_at,-0.018017032
31566_at,-0.039314288
31567_at,0.26490937
31568_at,0.193552808
31569_at,0.149462386
31570_at,0.228742318
31571_at,0.180765128
31572_at,-0.007390763
31573_at,0.200893135
31574_i_at,-0.011684224
31575_f_at,0.055301242
31576_at,0.206947643
31577_at,0.234562081
31578_at,0.117271286
31579_at,0.169370527
31580_at,0.064070285
31581_at,0.189059525
31582_at,0.003053023
31583_at,0.254758004
31584_at,0.00962567
31585_at,0.019650366
31586_f_at,-0.027781885
31587_at,0.102633442
31588_at,0.098512314
31589_at,0.133512881
31590_g_at,-0.028650694
31591_s_at,0.029588878
31592_at,0.111708062
31593_at,0.045670179
31594_at,0.161197782
31595_at,-0.036855953
31596_f_at,0.09413486
31597_r_at,0.038026086
31598_s_at,0.264158236
31599_f_at,0.805772502
316_g_at,0.178634301
31600_s_at,0.397744917
31601_s_at,0.009553107
31602_at,0.092898718
31603_at,0.390312268
31604_at,0.085627928
31605_at,-0.128199272
31606_at,0.27799006
31607_at,0.061761301
31608_g_at,-0.378620433
31609_s_at,-0.700173622
31610_at,0.088404527
31611_s_at,-0.024611994
31612_at,0.413038141
31613_at,0.095404264
31614_at,0.263058998
31615_i_at,0.263615347
31616_r_at,0.103563688
31617_at,0.233014712
31618_at,0.12554166
31619_at,0.154456911
31620_at,0.010332959
31621_s_at,0.08378008
31622_f_at,-0.456768753
31623_f_at,-0.238461791
31624_at,0.099053155
31625_at,0.299123442
31626_i_at,0.025867722
31627_f_at,-0.035046551
31628_at,0.201350665
31629_at,0.266404703
31630_at,0.143326561
31631_f_at,0.153640313
31632_at,0.078596537
31633_g_at,0.231441854
31634_at,0.086416853
31635_g_at,0.116338484
31636_s_at,0.088999148
31637_s_at,-0.019794306
31638_at,0.697909245
31639_f_at,0.232369423
31640_r_at,0.078376629
31641_s_at,0.123999759
31642_at,0.064872181
31643_at,-0.117125672
31644_at,0.176680136
31645_at,0.073544103
31646_at,0.268114038
31647_at,0.099315625
31648_at,0.039406399
31649_at,0.016101868
31650_g_at,0.132532204
31651_at,0.034691303
31652_at,0.077334007
31653_at,0.221790054
31654_at,0.176248815
31655_at,0.194069528
31656_at,-0.105135154
31657_at,-0.053197871
31658_at,0.037208942
31659_at,0.058521945
31660_at,-0.000301881
31661_at,0.329784293
31662_at,0.041598947
31663_at,-0.02102955
31664_at,0.113272338
31665_s_at,-0.069963536
31666_f_at,0.127061921
31667_r_at,0.028940128
31668_f_at,0.068118494
31669_s_at,0.013283126
31670_s_at,0.120809351
31671_at,-0.732025944
31672_g_at,-0.945890977
31673_s_at,-0.16483632
31674_s_at,-0.176097843
31675_s_at,-0.129664715
31676_at,0.168999916
31677_at,0.280285489
31678_at,0.167337809
31679_at,0.226041142
31680_at,-0.072875945
31681_at,0.110936401
31682_s_at,-0.566839489
31683_at,-0.145785676
31684_at,-0.042304234
31685_at,0.079491144
31686_at,0.026191753
31687_f_at,0.228538275
31688_at,0.013073095
31689_at,-0.198468023
31690_at,-0.121742338
31691_g_at,-0.456456593
31692_at,0.813904892
31693_f_at,0.350084173
31694_at,0.158193859
31695_g_at,0.126290022
31696_at,0.263596219
31697_s_at,0.027111499
31698_at,-0.113160349
31699_at,0.112695966
317_at,-1.213101825
31700_at,-0.061593605
31701_r_at,0.076582515
31702_at,0.309488165
31703_at,0.03898257
31704_at,0.212020428
31705_at,0.014108472
31706_at,0.272573991
31707_at,0.135773244
31708_at,0.245902945
31709_at,0.14924038
31710_at,0.186557686
31711_at,0.274603962
31712_at,0.08660518
31713_s_at,0.021736351
31714_at,0.052036695
31715_at,-0.0414669
31716_at,-0.069523126
31717_at,0.213538611
31718_at,0.33330606
31719_at,-2.91332039
31720_s_at,-2.733716686
31721_at,0.067963962
31722_at,0.015557053
31723_at,0.155366938
31724_at,0.096760318
31725_s_at,0.200330556
31726_at,0.020147685
31727_at,0.081672978
31728_at,0.026252334
31729_at,0.378161705
31730_at,0.407974189
31731_at,-0.041918085
31732_at,-0.018379795
31733_at,0.026720548
31734_at,0.057880543
31735_at,0.332853525
31736_at,0.04416989
31737_at,-0.455893145
31738_at,0.114625943
31739_at,0.110314232
31740_s_at,-0.047075081
31741_at,0.141338747
31742_at,0.025750573
31743_at,0.11190442
31744_at,0.028844515
31745_at,0.074896613
31746_at,0.238397999
31747_g_at,0.127415537
31748_at,0.05203225
31749_f_at,0.333562086
31750_at,0.11099681
31751_f_at,0.598853033
31752_at,0.061907136
31753_at,0.250835307
31754_at,-0.138070503
31755_at,0.23228623
31756_at,-0.021140063
31757_at,0.095825314
31758_at,0.194369216
31759_at,0.089937357
31760_at,0.072708946
31761_at,-0.066889465
31762_at,-0.254467549
31763_at,0.044079603
31764_at,0.042461789
31765_at,0.077748352
31766_s_at,0.24914578
31767_at,0.137676656
31768_at,0.824925984
31769_at,0.177431056
31770_at,-0.062272257
31771_at,0.308811473
31772_at,0.203684868
31773_at,-0.139327983
31774_at,0.197344757
31775_at,-0.015349962
31776_at,0.155159124
31777_at,0.042282872
31778_at,0.088493002
31779_s_at,0.057526701
31780_f_at,0.218971618
31781_at,0.060478241
31782_at,0.139711227
31783_at,0.204030624
31784_at,0.10536827
31785_f_at,0.017994331
31786_at,-0.273722725
31787_at,0.228996858
31788_at,-0.016378305
31789_at,0.223429885
31790_at,-0.091265951
31791_at,0.3169588
31792_at,-0.28909804
31793_at,0.223381271
31794_at,-0.282439014
31795_at,0.262015528
31796_at,-0.082061928
31797_at,0.928975298
31798_at,-2.413677737
31799_at,-0.055472074
318_at,-0.322303089
31800_at,-0.366187362
31801_at,-0.140116371
31802_at,0.014512324
31803_at,0.091830324
31804_f_at,-0.559121851
31805_at,0.09402981
31806_at,0.122193037
31807_at,0.228723526
31808_at,0.711680974
31809_at,-0.030664887
31810_g_at,0.111827295
31811_r_at,0.049242126
31812_at,0.281661473
31813_at,0.144764232
31814_i_at,0.007172453
31815_r_at,-0.166850365
31816_at,-0.327250401
31817_at,0.146874473
31818_at,0.118928863
31819_at,0.037486738
31820_at,-0.028633579
31821_at,0.059776989
31822_at,-0.206720459
31823_at,-0.170541895
31824_at,-0.200955271
31825_at,-0.365369119
31826_at,-0.064899253
31827_s_at,-0.485282908
31828_r_at,0.140626311
31829_r_at,-0.04277492
31830_s_at,-0.286203395
31831_at,-0.199657578
31832_at,0.014208745
31833_at,-0.173432994
31834_r_at,0.051231894
31835_at,0.052671047
31836_at,0.596303487
31837_at,-0.231103829
31838_at,0.001213915
31839_at,0.21199249
31840_at,0.123167317
31841_at,-0.023275607
31842_at,0.273992432
31843_at,0.08112909
31844_at,-0.455466687
31845_at,0.53718086
31846_at,-0.106120478
31847_at,0.098721804
31848_at,0.100477402
31849_at,-0.11099199
31850_at,-0.501624663
31851_at,0.132762794
31852_at,0.471737416
31853_at,0.478196506
31854_at,-0.564930176
31855_at,-0.398178407
31856_at,0.07903439
31857_r_at,0.085805115
31858_at,-0.181356571
31859_at,0.03491991
31860_at,0.295082492
31861_at,0.043622176
31862_at,-1.22238714
31863_at,0.348349047
31864_at,0.169933755
31865_at,0.391748342
31866_at,0.170934396
31867_at,-0.711104925
31868_at,0.245198052
31869_at,-0.646343787
31870_at,0.218938383
31871_r_at,-0.100429945
31872_at,-0.010467448
31873_at,0.539974264
31874_at,0.060862502
31875_at,0.008062989
31876_r_at,0.212830298
31877_at,0.166895223
31878_at,0.321292104
31879_at,-0.03601545
31880_at,0.699494783
31881_at,0.797515186
31882_at,0.059164686
31883_at,0.154783698
31884_at,-0.113869519
31885_at,-0.210306366
31886_at,-1.332758607
31887_at,0.114202222
31888_s_at,-0.323884869
31889_at,-0.234870299
31890_s_at,0.298974702
31891_at,-0.295194811
31892_at,-0.719480699
31893_at,0.10510642
31894_at,0.255265868
31895_at,0.141270627
31896_at,0.574066976
31897_at,-0.414978525
31898_at,-0.197694042
31899_at,0.109778109
319_g_at,-0.242025965
31900_at,-0.029220098
31901_at,-0.210784483
31902_at,0.087739842
31903_at,-0.010156649
31904_at,-0.141169847
31905_at,0.153351812
31906_at,0.122295376
31907_at,0.350302858
31908_at,0.073791573
31909_at,0.026190621
31910_at,0.046082653
31911_at,0.016471874
31912_at,0.064326948
31913_at,0.179525604
31914_at,-0.006851712
31915_at,0.105127135
31916_at,0.105310583
31917_at,0.066461736
31918_at,0.208162161
31919_at,0.252375383
31920_at,-0.07272793
31921_at,0.221230307
31922_i_at,0.312429409
31923_f_at,0.079311114
31924_at,0.059156977
31925_s_at,0.142531136
31926_at,-0.193319798
31927_s_at,-0.066260233
31928_at,0.061725296
31929_at,0.070404615
31930_f_at,0.22232661
31931_f_at,0.412364934
31932_f_at,0.3058232
31933_r_at,-0.022329633
31934_at,0.3207694
31935_s_at,-0.339422488
31936_s_at,-0.1239555
31937_at,0.290149545
31938_g_at,0.18675751
31939_at,-0.05777628
31940_s_at,0.144722168
31941_s_at,0.187691474
31942_at,-0.162406523
31943_g_at,-0.418944208
31944_at,-0.467908715
31945_s_at,-0.191302768
31946_s_at,0.292536651
31947_r_at,-0.00991664
31948_at,0.362334886
31949_at,-0.013324799
31950_at,0.059271659
31951_s_at,-0.186723246
31952_at,0.21277406
31953_f_at,1.216694063
31954_f_at,1.133777439
31955_at,0.374963023
31956_f_at,0.128798742
31957_r_at,0.130006643
31958_i_at,0.088465978
31959_at,0.109846873
31960_f_at,1.069549749
31961_r_at,0.005722059
31962_at,0.061576023
31963_at,0.183698536
31964_at,-0.138044587
31965_at,0.14589868
31966_at,-0.095370987
31967_at,0.22573265
31968_at,0.053743917
31969_i_at,0.390351537
31970_r_at,-0.155108272
31971_at,0.136911129
31972_at,0.134652678
31973_at,0.169389506
31974_at,0.105290081
31975_at,0.279236382
31976_at,0.068208379
31977_at,0.156273573
31978_at,0.323509292
31979_at,-0.227718588
31980_at,0.110919643
31981_at,0.115078522
31982_at,0.243982087
31983_at,0.422700835
31984_at,0.253935131
31985_at,-0.059211999
31986_at,0.070756381
31987_at,0.031559653
31988_at,0.092204522
31989_s_at,0.11652351
31990_at,0.039949327
31991_at,0.076202672
31992_f_at,0.399857987
31993_f_at,0.438424568
31994_at,-0.086188016
31995_g_at,0.291306803
31996_at,0.137481407
31997_at,0.225647306
31998_at,0.077563989
31999_at,0.230847468
320_at,0.080859415
32000_g_at,0.010955592
32001_s_at,-0.370927894
32002_at,0.102958641
32003_at,0.017284001
32004_s_at,-0.326013661
32005_at,0.097241881
32006_r_at,0.031102806
32007_at,-0.028296375
32008_at,0.137915446
32009_at,-0.354253327
32010_at,-0.024306963
32011_g_at,0.040375927
32012_at,-0.236372446
32013_at,0.231622217
32014_at,0.036959269
32015_at,-0.019591365
32016_at,0.050769334
32017_at,-0.060910676
32018_at,0.046657072
32019_at,0.078749977
32020_at,0.030324181
32021_at,0.119828471
32022_at,-0.075592285
32023_at,0.246898508
32024_at,0.027887036
32025_at,-0.123707648
32026_s_at,0.001179999
32027_at,-1.232537044
32028_at,-0.230444693
32029_at,-0.050333296
32030_at,-0.105918768
32031_at,0.017425351
32032_at,0.508692454
32033_at,-0.083599273
32034_at,-0.803220984
32035_at,0.269329634
32036_i_at,0.183546252
32037_r_at,0.031124125
32038_s_at,0.015377457
32039_at,-0.090326476
32040_i_at,-0.045866857
32041_r_at,0.012483523
32042_at,0.209309909
32043_at,-0.643511434
32044_at,-0.030754543
32045_at,0.021972311
32046_at,-0.187471955
32047_at,0.06655229
32048_at,0.20996162
32049_f_at,0.11157712
32050_r_at,0.078861011
32051_at,0.085226337
32052_at,0.270413585
32053_at,0.082525366
32054_at,-0.027937181
32055_g_at,0.136367261
32056_at,0.018094358
32057_at,-0.500374672
32058_at,0.150300104
32059_at,-0.220479902
32060_at,0.072283724
32061_at,0.340393435
32062_at,0.112366035
32063_at,-0.105149808
32064_at,0.134201414
32065_at,0.0697876
32066_g_at,-0.001224287
32067_at,-0.166632415
32068_at,-0.04297301
32069_at,-0.029006417
32070_at,-0.094235456
32071_at,0.243163743
32072_at,-0.048591974
32073_at,-0.12649521
32074_at,0.354726303
32075_at,-0.019699732
32076_at,-0.450292351
32077_s_at,-0.009528196
32078_at,-0.075462969
32079_at,-0.184311184
32080_at,-0.167327261
32081_at,-0.021546764
32082_at,0.3531969
32083_at,-0.383334789
32084_at,0.107917506
32085_at,-0.183945773
32086_at,0.371522542
32087_at,0.261820313
32088_at,0.157610018
32089_at,1.703151797
32090_at,0.219402596
32091_at,-0.137607545
32092_at,-0.066443498
32093_at,0.086488466
32094_at,-0.13580889
32095_at,0.152310836
32096_at,0.26007526
32097_at,0.140601292
32098_at,-0.469043612
32099_at,0.200229917
321_at,0.006076742
32100_r_at,-0.096796849
32101_at,0.052425387
32102_at,-0.277696035
32103_at,-0.461090633
32104_i_at,-0.011619301
32105_f_at,0.021759611
32106_at,0.014602167
32107_at,0.039843561
32108_at,-0.064286175
32109_at,0.038526439
32110_at,0.068296584
32111_at,0.089455248
32112_s_at,-0.919919882
32113_at,-0.266628975
32114_s_at,0.097739204
32115_r_at,0.073955627
32116_at,0.302516251
32117_at,0.464737787
32118_at,0.127492799
32119_at,-0.93185449
32120_at,0.360024352
32121_at,0.056628036
32122_at,0.051428665
32123_at,-0.167681841
32124_at,0.619795957
32125_at,0.008837504
32126_at,-0.026432397
32127_at,-0.0339425
32128_at,-0.033402858
32129_at,0.204127224
32130_at,0.252312153
32131_at,-0.113030161
32132_at,-0.101301444
32133_at,0.005411715
32134_at,0.104978514
32135_at,-0.047049834
32136_r_at,-0.167303143
32137_at,0.318013917
32138_at,0.129278344
32139_at,-0.376769675
32140_at,-0.487552583
32141_at,0.222323144
32142_at,-0.016456913
32143_at,-0.086600831
32144_at,-0.228690092
32145_at,0.006134341
32146_s_at,-0.331570831
32147_at,0.102036209
32148_at,-0.896601968
32149_at,-0.160624709
32150_at,-0.15237932
32151_at,-0.187171856
32152_at,0.153881303
32153_s_at,0.079014082
32154_at,-1.175944736
32155_at,0.06919188
32156_at,-0.05527191
32157_at,0.090475474
32158_at,0.117388659
32159_at,0.299229968
32160_at,-0.200472077
32161_at,0.04593068
32162_r_at,-0.018686393
32163_f_at,0.764407205
32164_at,-0.670943753
32165_at,0.006798129
32166_at,-0.080526968
32167_at,0.117563286
32168_s_at,-0.282177332
32169_at,-0.588412796
32170_g_at,-0.124257205
32171_at,0.000385084
32172_at,0.268891496
32173_at,0.324724386
32174_at,-0.431869963
32175_at,-0.513441373
32176_at,0.061131759
32177_s_at,-0.017840638
32178_r_at,0.269441645
32179_s_at,0.202017152
32180_s_at,0.099236627
32181_at,0.338986181
32182_at,-0.222146275
32183_at,-0.069420731
32184_at,1.258616686
32185_at,-0.376556441
32186_at,-0.384395975
32187_at,-0.069421023
32188_at,0.162439435
32189_g_at,0.097336477
32190_at,-0.419224157
32191_at,0.038729725
32192_g_at,-0.027542197
32193_at,-1.017045399
32194_at,0.280763269
32195_at,-0.186757642
32196_at,-0.090591119
32197_at,-0.0319383
32198_at,0.049479006
32199_at,0.05426199
322_at,-0.038871181
32200_at,0.413106007
32201_at,0.049840826
32202_at,-0.254713049
32203_at,-0.085834764
32204_at,0.023536084
32205_at,0.213928969
32206_at,0.15056111
32207_at,1.261458574
32208_at,0.185485113
32209_at,-0.198370826
32210_at,-1.25411696
32211_at,0.382868975
32212_at,0.733485307
32213_at,0.578324748
32214_at,0.271483702
32215_i_at,-0.471049132
32216_r_at,-0.416512381
32217_at,-0.310533416
32218_at,0.263783346
32219_at,0.159381825
32220_at,0.081006337
32221_at,0.406123261
32222_at,0.032226922
32223_at,-0.017965514
32224_at,-0.331953623
32225_at,-0.031417552
32226_at,-0.188771818
32227_at,1.124447183
32228_at,0.078311349
32229_at,0.051801545
32230_at,0.426832994
32231_at,-0.063045061
32232_at,0.564504085
32233_at,-0.109778788
32234_at,0.186007591
32235_at,-0.202518175
32236_at,0.370178125
32237_at,0.266351559
32238_at,-0.258247891
32239_at,-0.469413488
32240_at,0.361081626
32241_at,0.187972617
32242_at,0.221271675
32243_g_at,0.205126058
32244_at,0.014826785
32245_at,-0.091400514
32246_g_at,0.005611695
32247_at,0.06198779
32248_at,-0.376904979
32249_at,0.635738313
32250_at,0.853370066
32251_at,-0.833309045
32252_at,-0.944734615
32253_at,-0.086904543
32254_at,-0.088282487
32255_i_at,-0.403850361
32256_r_at,-0.149285167
32257_f_at,-0.169486036
32258_r_at,0.079046868
32259_at,0.165585749
32260_at,-0.273365591
32261_at,-0.199900313
32262_at,0.262834675
32263_at,0.174981012
32264_at,0.083862154
32265_at,0.108772368
32266_at,0.058696209
32267_at,0.125638004
32268_at,0.024886398
32269_at,-0.019829174
32270_g_at,0.004834139
32271_at,-0.075577312
32272_at,0.011551242
32273_at,0.006640424
32274_r_at,-0.126878699
32275_at,-0.802733222
32276_at,0.230310484
32277_at,0.092407482
32278_at,0.439880583
32279_at,0.107401401
32280_at,0.124025511
32281_at,0.176737888
32282_at,0.083893987
32283_at,0.085632308
32284_at,0.137339443
32285_g_at,0.426552907
32286_at,0.060989776
32287_s_at,-1.487866172
32288_r_at,-0.420875353
32289_at,-0.042647064
32290_at,0.108399292
32291_at,0.038790746
32292_at,-0.08757892
32293_at,0.341042235
32294_g_at,0.078281032
32295_at,0.101127976
32296_at,0.088586842
32297_s_at,-1.335449953
32298_at,-0.125782135
32299_at,0.171513192
323_at,-0.065977246
32300_s_at,0.079273825
32301_at,0.061927289
32302_g_at,0.128767697
32303_at,0.216635569
32304_at,0.079627233
32305_at,-1.387090191
32306_g_at,-1.857270465
32307_s_at,-1.798383642
32308_r_at,0.089482063
32309_at,0.079917522
32310_f_at,0.264365437
32311_r_at,0.150835964
32312_at,-0.050797969
32313_at,-0.341302749
32314_g_at,-1.293249098
32315_at,0.303488599
32316_s_at,0.011443649
32317_s_at,-0.538205705
32318_s_at,-0.37518044
32319_at,-0.027281481
32320_at,0.115136172
32321_at,-0.293515939
32322_at,0.189977362
32323_at,0.017565424
32324_at,-0.092123057
32325_at,0.108349194
32326_at,0.299715281
32327_at,0.264212253
32328_at,0.0470073
32329_at,-0.063701674
32330_at,0.448105456
32331_at,-0.378193399
32332_at,-0.174749908
32333_at,0.121782172
32334_f_at,-0.177476715
32335_r_at,-0.026199589
32336_at,-0.307240116
32337_at,0.172278277
32338_at,-0.607393611
32339_at,0.187122256
32340_s_at,0.108944146
32341_f_at,0.329079686
32342_at,-0.073871884
32343_at,0.300596581
32344_r_at,0.02717485
32345_at,-0.088949281
32346_at,0.20954248
32347_at,-0.03296426
32348_at,0.140331784
32349_at,0.231350395
32350_at,-0.882508095
32351_at,0.175495238
32352_at,0.329122985
32353_at,0.057711182
32354_at,0.164773328
32355_at,-0.223269724
32356_at,0.039018546
32357_at,0.221897215
32358_at,0.344918036
32359_at,0.13987495
32360_s_at,0.432037493
32361_s_at,0.353928125
32362_r_at,0.131532858
32363_at,-0.126615081
32364_at,0.011718969
32365_at,0.169942499
32366_at,0.084119276
32367_at,0.192605415
32368_at,0.050342397
32369_at,-0.077230748
32370_at,0.042779003
32371_at,0.231157071
32372_at,0.191643158
32373_at,0.162836022
32374_at,0.113783933
32375_at,0.255420598
32376_at,0.113741516
32377_at,0.014874713
32378_at,-1.160247905
32379_f_at,0.212687588
32380_at,0.018523749
32381_at,-0.259173348
32382_at,0.177747081
32383_at,0.239791042
32384_g_at,0.148142341
32385_at,0.190049312
32386_at,0.181814218
32387_at,-0.095508403
32388_at,0.08872275
32389_at,-0.328659242
32390_at,0.228712629
32391_g_at,0.125953776
32392_s_at,0.139019436
32393_s_at,0.254794131
32394_s_at,0.142186361
32395_r_at,0.205092393
32396_f_at,0.1662576
32397_r_at,0.065834912
32398_s_at,0.044562184
32399_at,0.131925965
324_f_at,0.144159421
32400_at,0.063028804
32401_at,0.138933119
32402_s_at,0.194684191
32403_at,0.241572159
32404_at,0.141094313
32405_at,0.087249461
32406_at,0.095605167
32407_f_at,0.002852361
32408_s_at,0.084020404
32409_at,0.016254027
32410_at,0.072415539
32411_at,0.032877112
32412_at,0.181872715
32413_at,0.105790016
32414_at,0.243645321
32415_at,0.063588069
32416_at,0.150607957
32417_at,-0.019094804
32418_at,-0.121215933
32419_at,-0.065306387
32420_at,0.026890932
32421_at,0.146529271
32422_at,0.163357135
32423_at,0.088876681
32424_at,0.146622105
32425_at,0.274345824
32426_f_at,0.401428427
32427_at,0.094124011
32428_at,0.051556766
32429_f_at,0.386192518
32430_at,0.069862916
32431_at,0.115054558
32432_f_at,0.059270094
32433_at,0.226627409
32434_at,-2.166141643
32435_at,0.169137606
32436_at,0.336772668
32437_at,0.246761568
32438_at,0.154958683
32439_at,0.321991973
32440_at,0.257679643
32441_at,0.372331743
32442_at,0.27053445
32443_at,0.254445162
32444_at,-0.137236892
32445_at,0.027202175
32446_at,0.153509062
32447_at,0.06799434
32448_at,0.156756166
32449_at,0.203205938
32450_at,-0.027247161
32451_at,0.76681801
32452_at,-0.007945976
32453_at,0.179090089
32454_at,0.646242219
32455_s_at,0.152166756
32456_s_at,0.024229165
32457_f_at,0.052927284
32458_f_at,0.117776363
32459_at,0.022610967
32460_at,0.322601476
32461_f_at,0.133719217
32462_s_at,0.476942776
32463_at,0.018291179
32464_at,0.028924536
32465_at,-0.207338305
32466_at,0.112720461
32467_at,0.011794203
32468_f_at,-0.073351227
32469_at,0.096065292
32470_at,0.124382444
32471_at,0.044571049
32472_at,0.25845974
32473_at,0.001747579
32474_at,0.065148621
32475_at,0.045509625
32476_at,0.199837448
32477_at,0.099157836
32478_f_at,0.194466149
32479_at,0.040639204
32480_at,0.172482329
32481_at,0.141458543
32482_at,-0.094066752
32483_at,-0.037013243
32484_at,0.127116709
32485_at,-0.04545666
32486_at,0.080906231
32487_s_at,0.356456119
32488_at,-0.141643484
32489_at,0.172201815
32490_at,0.03600214
32491_at,0.096701436
32492_g_at,0.092323256
32493_at,-0.046368037
32494_at,0.075801954
32495_at,0.064295495
32496_at,0.086072491
32497_s_at,0.161678889
32498_at,0.075494044
32499_at,0.07374656
325_s_at,0.073105243
32500_at,0.036233219
32501_at,-0.020865401
32502_at,0.017074021
32503_at,0.071558344
32504_at,-0.207153965
32505_at,0.014161221
32506_at,-0.461142121
32507_at,0.229445934
32508_at,0.181267456
32509_at,0.485694796
32510_at,0.006770723
32511_at,0.04654805
32512_at,0.033503166
32513_at,-0.020999767
32514_s_at,0.031045347
32515_s_at,0.140596541
32516_at,0.003266279
32517_at,-0.10227955
32518_at,0.236597823
32519_at,0.264499388
32520_at,0.097633821
32521_at,-1.552263519
32522_f_at,0.152704789
32523_at,0.074601547
32524_s_at,0.198379855
32525_r_at,0.024207095
32526_at,-0.356563462
32527_at,0.138279404
32528_at,0.220806909
32529_at,-0.94370864
32530_at,-0.105394632
32531_at,-2.358260726
32532_at,0.063029989
32533_s_at,-0.228168366
32534_f_at,0.233906559
32535_at,-1.730886952
32536_at,0.441578102
32537_at,-0.095415567
32538_at,-2.181887239
32539_at,-0.209358394
32540_at,0.067947254
32541_at,0.390813248
32542_at,-1.46351988
32543_at,-0.271621784
32544_s_at,-0.117939873
32545_r_at,-0.205901434
32546_at,0.55872389
32547_at,-0.009108999
32548_at,0.147063031
32549_at,-0.071137643
32550_r_at,-0.157220152
32551_at,0.182738697
32552_at,-2.078119984
32553_at,-0.058667827
32554_s_at,-0.025859914
32555_at,0.198937949
32556_at,-0.035947786
32557_at,0.078363719
32558_at,-0.222843502
32559_s_at,0.151306581
32560_s_at,-0.005011077
32561_at,-0.198153371
32562_at,-0.594203096
32563_at,0.144622079
32564_at,0.288091638
32565_at,-0.108384965
32566_at,-0.41021121
32567_at,-0.053282711
32568_at,-0.089445894
32569_at,-0.213788799
32570_at,-0.041801528
32571_at,-0.173050522
32572_at,-0.057914176
32573_at,0.116628538
32574_at,-0.469876357
32575_at,-0.042564509
32576_at,0.236731286
32577_s_at,0.204831422
32578_at,0.190504669
32579_at,0.286986133
32580_at,0.11855725
32581_at,-0.09678532
32582_at,-0.268580685
32583_at,-0.579218682
32584_at,0.563186479
32585_at,-0.371430128
32586_at,0.230806679
32587_at,-0.378454753
32588_s_at,-0.294720565
32589_at,0.188009408
32590_at,0.05765169
32591_at,0.001871302
32592_at,-0.064862973
32593_at,-1.169075879
32594_at,0.19015963
32595_at,-0.059168931
32596_at,0.021645287
32597_at,-0.343185557
32598_at,-0.009426596
32599_at,-0.213888671
326_i_at,0.530755765
32600_at,-0.015212811
32601_s_at,0.030715268
32602_at,0.041621547
32603_at,0.048331573
32604_s_at,0.079715023
32605_r_at,-0.020566759
32606_at,-0.11863889
32607_at,-2.236768903
32608_at,0.126453305
32609_at,0.760664819
32610_at,0.187635487
32611_at,-0.153491754
32612_at,-0.956962815
32613_at,0.026974371
32614_at,0.054601331
32615_at,0.313791743
32616_at,0.784455014
32617_at,0.177499106
32618_at,0.26205117
32619_at,0.228946755
32620_at,0.11519557
32621_at,0.286097108
32622_at,-0.168034791
32623_at,0.242843098
32624_at,-0.489347059
32625_at,-0.1135746
32626_at,0.112842053
32627_at,0.029215398
32628_at,-0.304154741
32629_f_at,-0.06744628
32630_f_at,-0.065842841
32631_at,0.131683402
32632_g_at,-0.427078617
32633_at,0.209840856
32634_s_at,0.18165281
32635_at,-0.434006947
32636_f_at,0.783279131
32637_r_at,0.340866433
32638_s_at,0.59800298
32639_at,0.295193551
32640_at,-0.070971134
32641_at,0.038716552
32642_at,0.166467018
32643_at,-1.233333245
32644_at,0.151814365
32645_at,0.532586744
32646_at,0.096987663
32647_at,-0.075460608
32648_at,-0.814560329
32649_at,-1.556012307
32650_at,0.032477282
32651_at,0.173292441
32652_g_at,0.265075901
32653_at,0.139394693
32654_g_at,0.303905919
32655_s_at,0.051660682
32656_at,-0.057700601
32657_at,0.217752603
32658_at,-0.064547296
32659_at,0.451861971
32660_at,-0.024351367
32661_s_at,0.220521387
32662_at,0.062595916
32663_at,1.514679462
32664_at,-0.913202184
32665_at,-0.07292455
32666_at,-0.062326824
32667_at,-0.60052888
32668_at,0.07059655
32669_at,-0.083612322
32670_at,-0.119657175
32671_at,0.130252713
32672_at,-0.015952019
32673_at,-0.049575244
32674_at,-1.39E-05
32675_at,-0.029988869
32676_at,-0.310796987
32677_at,0.040998493
32678_at,0.282217272
32679_at,0.038918018
32680_at,0.296357989
32681_at,-0.226693929
32682_at,0.280694327
32683_at,0.084749544
32684_at,0.316409052
32685_at,-0.297267373
32686_at,0.460445975
32687_s_at,0.313125539
32688_at,0.178458686
32689_s_at,0.245443985
32690_s_at,0.277615819
32691_s_at,-0.049419624
32692_at,-0.055801653
32693_at,0.168600582
32694_at,0.05987285
32695_at,0.150449557
32696_at,-0.928619845
32697_at,0.173812209
32698_at,-0.227311919
32699_s_at,-0.054772018
327_f_at,0.172553523
32700_at,-0.095077304
32701_at,-0.032881911
32702_at,-0.101015696
32703_at,0.312316341
32704_at,-0.021442665
32705_at,0.119210342
32706_at,0.660163782
32707_at,0.148277744
32708_g_at,0.662553892
32709_at,-0.041080956
32710_at,0.087611271
32711_g_at,-0.065845662
32712_at,0.136946853
32713_at,-0.13767674
32714_s_at,0.158887071
32715_at,0.761232653
32716_at,-0.061390983
32717_at,0.06356906
32718_at,-0.299516606
32719_at,0.12521363
32720_at,0.148258048
32721_at,0.377434206
32722_at,0.236067777
32723_at,-0.097765023
32724_at,-0.517511594
32725_at,0.280484742
32726_g_at,0.294592837
32727_at,0.072759724
32728_at,0.219282133
32729_at,0.043561842
32730_at,-0.495420386
32731_at,-0.105491842
32732_at,-0.025166342
32733_at,0.043932694
32734_at,-0.155670099
32735_at,-0.226812676
32736_at,0.273134808
32737_at,-0.015161769
32738_at,0.141270769
32739_at,0.174839964
32740_at,-0.065328271
32741_at,-0.229311834
32742_s_at,-0.002511978
32743_at,0.265504131
32744_at,0.085636175
32745_at,1.062084697
32746_at,0.09341037
32747_at,0.244410838
32748_at,0.074858725
32749_s_at,-0.411302671
32750_r_at,-0.075021514
32751_at,0.215273435
32752_at,0.335258867
32753_at,0.277023261
32754_at,0.131989124
32755_at,-0.615384909
32756_at,-0.127584871
32757_at,0.310907288
32758_g_at,0.157047854
32759_at,0.079326553
32760_at,-0.038441525
32761_at,-0.105751786
32762_i_at,0.246071462
32763_r_at,0.068507928
32764_at,0.023251096
32765_f_at,0.098517506
32766_at,0.081464577
32767_at,0.533173244
32768_at,-0.0337579
32769_at,-0.139798434
32770_at,-0.322178839
32771_at,0.102023204
32772_s_at,-0.097152838
32773_at,0.093879744
32774_at,0.148894023
32775_r_at,0.151192137
32776_at,0.072276574
32777_at,0.047695894
32778_at,-0.014215072
32779_s_at,0.016543322
32780_at,-1.017311337
32781_f_at,-0.830595949
32782_r_at,-0.149234389
32783_at,-0.017889429
32784_at,0.040013066
32785_at,0.088408787
32786_at,-0.600240792
32787_at,-1.219672073
32788_at,0.197690972
32789_at,-0.104710471
32790_at,-0.047373864
32791_at,-0.116554367
32792_at,0.292413464
32793_at,-0.163493454
32794_g_at,-1.219529511
32795_at,0.035871526
32796_f_at,-0.679071397
32797_at,-0.035565055
32798_at,-0.045159898
32799_at,-0.002023981
328_at,-0.055875495
32800_at,-0.203650194
32801_at,-0.047018814
32802_at,0.022910401
32803_at,0.07082315
32804_at,-0.001508547
32805_at,0.411517659
32806_at,-0.053350067
32807_at,-0.094606357
32808_at,-0.550770418
32809_at,0.179912249
32810_at,0.062389838
32811_at,-0.146230228
32812_at,-0.138997847
32813_s_at,0.128226898
32814_at,-0.105807574
32815_at,-0.033249255
32816_at,0.148346169
32817_at,0.033897704
32818_at,-2.603649444
32819_at,1.030892537
32820_at,0.091202502
32821_at,0.046189963
32822_at,0.209606255
32823_at,-0.011095109
32824_at,-0.071300377
32825_at,0.055304618
32826_at,0.167669183
32827_at,-0.006811679
32828_at,-0.34339366
32829_at,0.671498285
32830_g_at,0.653113799
32831_at,0.450765812
32832_at,0.234849194
32833_at,-0.156781705
32834_r_at,0.005262631
32835_at,0.679576164
32836_at,-0.015824309
32837_at,-0.002110959
32838_at,-0.152634091
32839_at,-0.045329258
32840_at,-0.00671367
32841_at,0.157496769
32842_at,0.065889484
32843_s_at,0.177176208
32844_at,-0.295360843
32845_at,0.022105036
32846_s_at,-0.250278715
32847_at,-0.270196828
32848_at,0.284844715
32849_at,0.209984979
32850_at,0.373606838
32851_at,0.172466101
32852_at,0.208550884
32853_at,0.161933763
32854_at,-0.092866343
32855_at,0.032075261
32856_at,-0.116414008
32857_at,-0.164371602
32858_at,0.225642095
32859_at,0.104763046
32860_g_at,-0.186092607
32861_s_at,-0.40833259
32862_at,-0.023565409
32863_at,0.153381308
32864_at,0.209525876
32865_at,0.067485506
32866_at,0.043622069
32867_at,0.144965191
32868_at,0.164567137
32869_at,-0.00772686
32870_g_at,0.092853118
32871_at,-0.306325211
32872_at,0.005424614
32873_at,-0.029059524
32874_at,-0.030409755
32875_at,0.176236727
32876_s_at,0.052279683
32877_i_at,0.143451827
32878_f_at,0.19891638
32879_at,0.188692952
32880_at,0.187955858
32881_at,0.11328381
32882_at,-0.164365888
32883_at,-0.272618828
32884_at,-0.096896619
32885_f_at,0.0431741
32886_at,0.069539784
32887_at,0.209816209
32888_at,0.011965458
32889_at,0.205248287
32890_at,0.213536371
32891_at,0.023499145
32892_at,-0.053727288
32893_s_at,-0.122909655
32894_at,0.019158596
32895_f_at,-0.002458073
32896_at,-0.07266951
32897_at,0.060918926
32898_at,0.040510838
32899_s_at,0.085809331
329_s_at,-0.326458857
32900_at,-0.03943593
32901_s_at,0.421580171
32902_at,0.245043993
32903_at,0.102635459
32904_at,0.107711212
32905_s_at,0.095782095
32906_at,0.203038972
32907_at,-0.13459429
32908_at,0.034932432
32909_at,0.037050369
32910_at,0.033705058
32911_s_at,0.293036191
32912_at,0.177478788
32913_i_at,-0.037956097
32914_f_at,0.166688958
32915_at,0.122538299
32916_at,0.066480696
32917_at,-0.108471522
32918_at,0.053561088
32919_at,-0.179697749
32920_at,-0.085017434
32921_at,0.260117312
32922_at,0.155823958
32923_r_at,-0.036341727
32924_at,0.06335765
32925_at,0.354643199
32926_at,-0.12846969
32927_at,0.021499114
32928_at,0.083487061
32929_at,0.146427998
32930_f_at,0.185264679
32931_at,0.197271022
32932_at,0.434109138
32933_r_at,0.04215571
32934_i_at,-0.042934073
32935_at,0.027064138
32936_at,0.061181534
32937_at,0.177266675
32938_at,-0.136095013
32939_g_at,0.0060578
32940_at,-0.028949548
32941_at,0.167190153
32942_at,0.231816166
32943_at,0.1482079
32944_at,-0.335028726
32945_i_at,-0.230205396
32946_r_at,-0.098995491
32947_at,0.061693322
32948_at,0.065456243
32949_at,0.049935138
32950_at,0.064211641
32951_g_at,0.216560911
32952_at,0.067428121
32953_at,-0.031549299
32954_at,0.322948812
32955_at,0.460631226
32956_at,0.050751193
32957_g_at,0.086485178
32958_at,0.175025189
32959_at,0.097355019
32960_at,-0.023383095
32961_at,-0.043200178
32962_at,1.054444181
32963_s_at,-0.712964031
32964_at,-0.185211734
32965_f_at,0.064424077
32966_at,0.384938056
32967_at,0.051008646
32968_s_at,0.123848958
32969_r_at,-0.123701604
32970_f_at,-0.150613833
32971_at,8.02E-05
32972_at,0.100318372
32973_s_at,0.082870605
32974_at,0.126916612
32975_g_at,0.14141425
32976_s_at,0.05846914
32977_at,0.012369394
32978_g_at,0.040092716
32979_at,0.156909576
32980_f_at,0.915240409
32981_at,0.241180165
32982_at,0.223743904
32983_at,0.119986753
32984_s_at,0.030682127
32985_at,-0.423198495
32986_s_at,0.028220912
32987_at,-0.099075073
32988_at,-0.053846713
32989_at,-0.042059477
32990_at,-0.005789942
32991_f_at,0.158063855
32992_at,0.158260332
32993_s_at,0.049625401
32994_at,0.146123043
32995_at,0.254683023
32996_g_at,0.005410821
32997_at,1.59005448
32998_at,0.092250698
32999_at,0.084221329
330_s_at,0.25367491
33000_at,0.286980282
33001_s_at,-0.00623137
33002_at,-0.122789197
33003_at,0.263643475
33004_g_at,0.006662038
33005_at,0.229387598
33006_at,0.10025636
33007_at,0.205703819
33008_at,0.297113798
33009_at,-0.150696631
33010_at,0.218203183
33011_at,0.123980977
33012_at,0.180664997
33013_at,-0.004548313
33014_at,-0.176701353
33015_at,0.033068645
33016_at,0.082331317
33017_at,0.257576769
33018_at,-0.068761267
33019_at,0.193232408
33020_at,0.049727779
33021_at,-0.110307104
33022_at,0.195406345
33023_at,0.495465481
33024_at,0.151431264
33025_at,0.12895104
33026_at,0.342061738
33027_at,0.071844074
33028_at,0.205925534
33029_at,0.22909891
33030_at,0.069545669
33031_at,0.015648075
33032_r_at,-0.036127728
33033_at,0.052279488
33034_at,0.022051793
33035_at,0.232465883
33036_at,0.050517469
33037_at,0.096279543
33038_at,0.103553434
33039_at,-0.089706406
33040_at,0.389348369
33041_at,-0.113746657
33042_r_at,0.292776517
33043_at,0.194774617
33044_f_at,0.338738255
33045_r_at,0.101549851
33046_f_at,0.210384603
33047_at,0.063109595
33048_at,0.016441734
33049_at,0.238108358
33050_at,0.29889692
33051_at,0.119954432
33052_at,0.154754138
33053_at,0.148428793
33054_at,-0.045109042
33055_at,0.010440681
33056_at,0.264686425
33057_g_at,0.206554762
33058_at,0.090480597
33059_at,0.35434108
33060_g_at,0.192764487
33061_at,0.172397695
33062_at,-0.079072565
33063_at,0.106775468
33064_at,0.076461903
33065_at,0.230245168
33066_at,0.024834446
33067_at,0.150071098
33068_f_at,-0.108402182
33069_f_at,-0.267465253
33070_at,0.072778387
33071_at,0.626624628
33072_at,0.062139724
33073_at,0.113796069
33074_g_at,0.335533785
33075_at,0.08714291
33076_at,-0.007129578
33077_at,0.199836803
33078_at,0.044238396
33079_at,-0.097144415
33080_s_at,0.051300025
33081_at,-0.037045853
33082_at,0.105226516
33083_at,0.013737003
33084_at,-0.004182129
33085_at,0.15751389
33086_at,0.190595813
33087_s_at,0.140356599
33088_at,0.269875632
33089_s_at,0.145727306
33090_at,-0.054143128
33091_at,-0.137626621
33092_at,0.218574244
33093_at,0.295867591
33094_s_at,-0.097134572
33095_i_at,0.321774012
33096_r_at,0.019780056
33097_at,0.077030149
33098_at,0.151964928
33099_at,0.177362599
331_at,0.124750973
33100_at,-0.002617001
33101_g_at,-0.020560134
33102_at,-0.186282969
33103_s_at,0.010889773
33104_at,-0.017163602
33105_at,0.195433669
33106_at,0.040884054
33107_at,-0.792493467
33108_i_at,0.008822774
33109_f_at,-0.096677664
33110_at,0.188795119
33111_at,0.225130991
33112_at,-0.200666669
33113_at,0.030819941
33114_f_at,-0.095114942
33115_at,0.210868031
33116_f_at,0.183504406
33117_r_at,0.494099603
33118_at,-0.559786042
33119_at,-0.16706403
33120_at,0.315297429
33121_g_at,0.674108685
33122_at,0.332803143
33123_at,-0.15694985
33124_at,0.511819141
33125_at,0.008072181
33126_at,-0.294544673
33127_at,-1.368258507
33128_s_at,0.082321674
33129_at,0.191992235
33130_at,-0.182439782
33131_at,-1.073434505
33132_at,0.165404294
33133_at,-0.196090591
33134_at,-0.019858059
33135_at,0.177339592
33136_at,-0.130585036
33137_at,0.060654934
33138_at,0.295489303
33139_s_at,0.589867487
33140_at,-0.246945876
33141_at,0.177723809
33142_at,0.124308649
33143_s_at,-1.956414347
33144_at,0.154973329
33145_at,0.193451135
33146_at,-0.167666635
33147_at,0.310663821
33148_at,0.548548721
33149_at,0.251377538
33150_at,0.110814011
33151_s_at,0.059715471
33152_at,-0.281330077
33153_at,0.172330769
33154_at,0.276789783
33155_at,0.144816638
33156_at,0.239098186
33157_at,0.062298618
33158_at,-0.121456304
33159_at,0.175933389
33160_at,0.074234878
33161_at,0.062729154
33162_at,0.010895179
33163_r_at,0.29886171
33164_at,0.016439833
33165_at,0.312706957
33166_at,0.226186498
33167_r_at,0.120303842
33168_at,-0.077585713
33169_at,-0.358508334
33170_at,0.069038914
33171_s_at,0.161270156
33172_at,0.230213657
33173_g_at,0.351018545
33174_s_at,0.161827941
33175_at,0.310150729
33176_at,0.071098074
33177_at,0.190963104
33178_at,-0.019759858
33179_at,0.084214388
33180_at,0.089452769
33181_at,0.231435473
33182_at,0.133444385
33183_at,0.00425815
33184_at,0.052303152
33185_at,0.156298468
33186_i_at,0.387143754
33187_r_at,0.197054891
33188_at,0.689037709
33189_at,0.361911763
33190_g_at,0.116544777
33191_at,-0.324388575
33192_g_at,-0.236631694
33193_at,-0.187445495
33194_at,0.309028633
33195_at,-0.039077731
33196_at,0.070875677
33197_at,0.072993991
33198_at,0.037658806
33199_at,-0.034453409
332_at,0.039210633
33200_at,0.145156207
33201_at,0.009043117
33202_f_at,0.351950499
33203_s_at,-0.38336405
33204_at,0.002856326
33205_at,0.039349023
33206_at,-0.038574441
33207_at,-0.069806857
33208_at,-0.002200066
33209_at,0.202041943
33210_at,0.164413351
33211_at,-0.00593188
33212_at,-1.091117413
33213_g_at,-0.705433992
33214_at,0.420921163
33215_g_at,0.315154369
33216_at,0.1601551
33217_at,0.4081484
33218_at,-0.226895319
33219_at,-0.013914909
33220_at,-0.035440483
33221_at,0.015397857
33222_at,-0.35751567
33223_at,0.036183839
33224_at,0.079245767
33225_at,0.038947806
33226_at,-0.100340748
33227_at,0.143350118
33228_g_at,0.223642366
33229_at,-0.29909823
33230_at,-0.246969995
33231_at,0.063824158
33232_at,-0.974717003
33233_at,0.254108343
33234_at,0.459035553
33235_at,-0.510693909
33236_at,-0.231977301
33237_at,0.027232632
33238_at,-0.869033749
33239_at,-0.108362163
33240_at,-0.690284634
33241_at,0.08265951
33242_at,0.099039677
33243_at,0.287540997
33244_at,-0.4203596
33245_at,-0.167393809
33246_at,0.063259793
33247_at,0.555626093
33248_at,-0.013610105
33249_at,0.204993524
33250_at,0.237822453
33251_at,-0.296101789
33252_at,-0.010773023
33253_at,0.437244878
33254_at,0.142138583
33255_at,0.241531637
33256_at,0.171244451
33257_at,0.125993914
33258_g_at,0.12507316
33259_at,0.041388396
33260_at,-0.072717634
33261_at,0.041229507
33262_at,0.405820853
33263_at,0.23158622
33264_at,0.309652046
33265_at,0.005243149
33266_at,0.044991996
33267_at,-0.180540621
33268_at,-0.118963217
33269_at,0.020957087
33270_i_at,0.087367615
33271_r_at,0.086201327
33272_at,0.148395872
33273_f_at,-3.07447245
33274_f_at,-3.230646123
33275_at,0.052209835
33276_at,-0.084947248
33277_at,-0.067356331
33278_at,0.368486151
33279_s_at,0.266509567
33280_r_at,0.198193142
33281_at,-0.046273316
33282_at,-0.149508276
33283_at,-0.297854561
33284_at,0.148378553
33285_i_at,0.731185663
33286_at,0.056775795
33287_at,0.066142039
33288_i_at,0.12317068
33289_f_at,0.126597266
33290_at,0.276316203
33291_at,-0.404976044
33292_at,-0.077605761
33293_at,0.078968507
33294_at,0.404677318
33295_at,0.09426808
33296_at,-0.237288784
33297_at,0.293656513
33298_at,0.195766135
33299_at,-0.903781431
333_s_at,-1.242910905
33300_at,0.056776099
33301_g_at,-0.093380045
33302_at,0.25169665
33303_at,-0.017049814
33304_at,-0.28093114
33305_at,0.466213331
33306_at,0.132755769
33307_at,0.267655591
33308_at,0.131416174
33309_at,0.722663844
33310_at,0.236719403
33311_at,0.026910813
33312_at,0.054138102
33313_g_at,0.045854803
33314_at,0.122390517
33315_at,0.184674579
33316_at,-0.380251837
33317_at,0.209107836
33318_at,-0.050122615
33319_at,0.035907961
33320_at,0.025926834
33321_r_at,0.199811793
33322_i_at,-0.47714778
33323_r_at,-0.559217458
33324_s_at,0.224318066
33325_at,-0.321141314
33326_at,0.045308148
33327_at,0.190899653
33328_at,-1.39819792
33329_at,0.001055638
33330_at,0.038823729
33331_at,-0.05462619
33332_at,0.464033784
33333_at,-0.011393581
33334_at,0.035816463
33335_at,0.162561762
33336_at,0.083674779
33337_at,-0.18141002
33338_at,0.170783119
33339_g_at,-0.227493284
33340_at,-0.132575769
33341_at,-0.162267673
33342_at,0.189343715
33343_at,0.29201352
33344_at,0.029299759
33345_at,-0.078310856
33346_r_at,0.049450399
33347_at,0.389081486
33348_at,-0.2549504
33349_at,0.002178611
33350_s_at,0.377156477
33351_at,0.726662856
33352_at,0.244050962
33353_at,-1.084960968
33354_at,-0.408059819
33355_at,-0.930476506
33356_at,-0.324398587
33357_at,-0.161880118
33358_at,-0.060455789
33359_at,0.044110202
33360_at,-0.159201765
33361_at,-0.141367965
33362_at,-0.257865405
33363_at,0.193790825
33364_at,1.715883531
33365_at,0.20032109
33366_at,0.169237888
33367_s_at,-0.515954738
33368_at,-0.360439742
33369_at,-0.374027372
33370_r_at,-0.51197507
33371_s_at,0.097115753
33372_at,-0.264052328
33373_at,0.155433931
33374_at,-0.608263683
33375_at,0.02889585
33376_at,0.086421631
33377_at,-0.690778319
33378_at,0.220843337
33379_at,0.241799044
33380_at,-0.05087612
33381_at,-0.530306504
33382_at,-0.015712312
33383_f_at,0.359786685
33384_at,-0.012996828
33385_g_at,-0.030361507
33386_at,-0.829825398
33387_at,-0.620735488
33388_at,-0.122206697
33389_at,0.210078269
33390_at,-0.098916962
33391_r_at,0.058931885
33392_at,0.065166743
33393_at,-0.15001583
33394_at,0.203177918
33395_at,-0.031797589
33396_at,0.532503278
33397_at,-0.18439348
33398_at,-0.055448168
33399_at,-0.450956256
334_s_at,0.019610687
33400_r_at,-0.359141242
33401_at,0.202669695
33402_at,-0.323606448
33403_at,-0.037209349
33404_at,-0.453819333
33405_at,-1.05403697
33406_at,-0.118993418
33407_at,-0.158187385
33408_at,-0.21460746
33409_at,0.151879626
33410_at,-0.528242241
33411_g_at,-0.704093833
33412_at,-0.471025473
33413_at,-0.488301684
33414_at,-0.455542977
33415_at,0.277494126
33416_at,0.098130827
33417_at,-0.0292725
33418_at,0.19861349
33419_at,0.037373491
33420_g_at,0.043104532
33421_s_at,-0.259477158
33422_at,0.350278916
33423_g_at,0.510440075
33424_at,-0.179141752
33425_at,0.063829147
33426_at,-0.093529058
33427_s_at,-0.357148384
33428_s_at,-0.195786141
33429_at,0.242282593
33430_at,0.371169021
33431_at,0.114506626
33432_at,0.33114736
33433_at,0.361604313
33434_at,0.29154841
33435_r_at,0.347515591
33436_at,-0.745498605
33437_at,0.196039907
33438_at,-0.214110528
33439_at,-1.580130864
33440_at,-0.926167725
33441_at,-0.132526506
33442_at,-0.585749631
33443_at,-0.226895702
33444_at,-0.067556391
33445_at,0.292536919
33446_at,-0.755926631
33447_at,0.483217149
33448_at,-0.136153863
33449_at,0.179115873
33450_at,0.16838878
33451_s_at,0.24230563
33452_at,-0.480692343
33453_at,0.124878268
33454_at,-0.108652415
33455_at,0.075929477
33456_at,-0.054003458
33457_at,-0.131227625
33458_r_at,0.065164371
33459_at,0.267511928
33460_at,0.492922671
33461_at,-0.386083176
33462_at,0.071874661
33463_at,0.032396034
33464_at,0.014392146
33465_at,0.303414885
33466_at,-0.015408721
33467_at,-0.036702928
33468_at,-0.014755768
33469_r_at,0.209889954
33470_at,0.056775716
33471_g_at,0.027184115
33472_at,0.001602809
33473_at,0.156021003
33474_at,-0.007044403
33475_at,0.205350715
33476_at,0.171388472
33477_at,0.310461922
33478_at,0.139856768
33479_g_at,0.08672343
33480_at,0.097167695
33481_at,0.207914929
33482_at,0.131628505
33483_at,2.129970063
33484_at,0.359607462
33485_at,0.242937197
33486_at,0.211313093
33487_at,-0.618054598
33488_at,0.108582605
33489_at,0.260399161
33490_at,0.405071209
33491_at,0.115377818
33492_at,0.120222559
33493_at,0.069028221
33494_at,0.456729056
33495_at,0.08804263
33496_at,0.081377679
33497_at,0.131408249
33498_at,0.035219377
33499_s_at,0.011513489
335_r_at,-0.147412721
33500_i_at,-0.007204507
33501_r_at,0.002001965
33502_at,0.089501681
33503_at,0.092047877
33504_at,0.087795718
33505_at,0.158710342
33506_at,0.033723535
33507_g_at,-0.14846836
33508_at,-0.040405101
33509_at,0.115944844
33510_s_at,0.240607658
33511_at,0.092200648
33512_at,0.117512437
33513_at,0.198403287
33514_at,0.095150532
33515_at,0.061783444
33516_at,1.235558519
33517_f_at,0.639108356
33518_f_at,0.585034163
33519_at,-0.06681136
33520_at,0.013361851
33521_at,0.093135468
33522_at,0.189123797
33523_at,0.001645057
33524_at,0.416896519
33525_at,-0.099450214
33526_at,0.167684064
33527_at,-0.048739504
33528_at,0.185978045
33529_at,0.047173074
33530_at,0.054243882
33531_at,0.042238541
33532_at,-0.091077289
33533_at,0.063353332
33534_at,-0.2642506
33535_at,0.199953996
33536_at,0.200363474
33537_at,0.125956874
33538_at,-0.290349391
33539_at,0.145885426
33540_at,0.317134877
33541_s_at,-0.01071597
33542_at,0.338102799
33543_s_at,-0.02866647
33544_at,0.085883722
33545_at,0.067830735
33546_at,0.1673006
33547_i_at,-0.034818376
33548_f_at,0.023591248
33549_at,0.189284988
33550_at,0.16623039
33551_s_at,-0.023121119
33552_at,0.132023422
33553_r_at,-0.005327463
33554_at,0.161539034
33555_at,0.055571653
33556_at,-0.065820663
33557_at,0.175330038
33558_at,0.189366909
33559_at,0.055147812
33560_at,-0.077699387
33561_at,0.312788103
33562_g_at,0.072199554
33563_s_at,-0.049965078
33564_at,0.162782951
33565_at,0.178749069
33566_at,0.067311379
33567_at,0.044953358
33568_at,0.027636836
33569_at,0.005934817
33570_at,0.091451521
33571_at,0.178868182
33572_at,-0.307639449
33573_at,0.057793416
33574_at,0.102439242
33575_at,0.177108589
33576_at,-0.111015895
33577_at,0.036615101
33578_at,0.059273574
33579_i_at,0.114853648
33580_r_at,0.091844679
33581_at,0.109466448
33582_s_at,-0.119811109
33583_r_at,-0.037607261
33584_at,0.145066279
33585_at,-0.001632679
33586_at,0.116504804
33587_f_at,0.058845411
33588_at,0.330949559
33589_at,0.060058047
33590_at,-0.009936211
33591_at,0.043404945
33592_at,0.043386375
33593_at,0.113864276
33594_at,0.178769221
33595_r_at,-0.039289388
33596_at,0.119662529
33597_at,-0.100337349
33598_r_at,0.04163464
33599_at,0.089268798
336_at,0.403805561
33600_at,-0.037595596
33601_at,0.087474958
33602_at,0.106003306
33603_at,-0.046266977
33604_at,0.049652301
33605_at,-0.063751866
33606_g_at,0.009393006
33607_at,0.126054648
33608_at,0.185839378
33609_at,0.033001694
33610_at,-0.054099963
33611_g_at,0.224438772
33612_at,-0.092170323
33613_at,0.102230648
33614_at,0.152123526
33615_at,0.083332192
33616_at,-0.077239874
33617_s_at,0.1532753
33618_at,0.045612186
33619_at,0.204158025
33620_at,0.175262452
33621_at,0.039462848
33622_at,0.095726652
33623_g_at,0.097495227
33624_at,0.155705945
33625_g_at,0.070967457
33626_at,0.18916899
33627_at,-0.074530589
33628_g_at,-0.165680749
33629_at,0.000388741
33630_s_at,0.151438482
33631_at,0.243569064
33632_g_at,0.21456762
33633_at,0.030881788
33634_at,0.055220762
33635_at,-0.156931663
33636_at,0.11757181
33637_g_at,0.629863077
33638_at,-0.142654852
33639_g_at,-0.00996939
33640_at,0.10652784
33641_g_at,-0.141872971
33642_s_at,-0.327577606
33643_at,-0.007150932
33644_at,0.244497917
33645_at,0.036493665
33646_g_at,-0.394803144
33647_s_at,-0.122936235
33648_at,0.105222452
33649_at,-0.005619911
33650_at,0.134615813
33651_at,0.091199486
33652_at,0.225020667
33653_at,0.000950371
33654_at,0.969397285
33655_f_at,1.378328844
33656_at,0.240660252
33657_at,0.336348061
33658_at,0.46409882
33659_at,-0.202913798
33660_at,0.106533395
33661_at,0.344985334
33662_at,-0.121271975
33663_at,0.287618984
33664_g_at,0.436996903
33665_s_at,0.025354799
33666_at,0.249573173
33667_at,0.046557778
33668_at,0.123300707
33669_at,0.355247512
33670_at,0.062054367
33671_f_at,0.999397988
33672_f_at,-0.175238924
33673_r_at,0.212684228
33674_at,-0.095300508
33675_at,-0.054005745
33676_at,0.172231402
33677_at,0.300461368
33678_i_at,-0.345372901
33679_f_at,-0.254000992
33680_f_at,0.895062978
33681_at,-0.080786571
33682_at,0.098395501
33683_at,-0.228692373
33684_at,0.218466165
33685_at,0.014664349
33686_at,0.055613708
33687_at,0.205754669
33688_at,-0.037820725
33689_s_at,0.058238455
33690_at,-0.159839577
33691_at,0.088544815
33692_at,0.167807651
33693_at,0.255582783
33694_at,0.122766
33695_at,0.220921246
33696_at,0.199284208
33697_at,0.218928124
33698_at,-0.051169919
33699_at,-0.230584726
337_at,0.22583327
33700_at,-0.711203204
33701_at,-0.638630312
33702_f_at,-0.663073349
33703_f_at,-0.44849229
33704_at,0.190133894
33705_at,-1.208456691
33706_at,-0.003219365
33707_at,0.164967215
33708_at,0.206892486
33709_at,0.033295999
33710_at,-0.128551923
33711_at,-0.025008616
33712_at,0.12753448
33713_at,0.100354181
33714_at,0.098767217
33715_r_at,0.493656338
33716_at,-0.295256864
33717_at,0.302755126
33718_at,-0.119785781
33719_at,0.031651604
33720_at,0.532267701
33721_at,-1.202972131
33722_at,-0.100114726
33723_at,-0.040540416
33724_at,0.040146637
33725_at,0.154980783
33726_at,0.65090067
33727_r_at,-0.064147596
33728_at,0.145100327
33729_at,0.350586684
33730_at,-0.824596151
33731_at,0.051354675
33732_at,0.022072446
33733_at,-0.199726549
33734_at,0.154285912
33735_at,0.208416579
33736_at,0.020370175
33737_f_at,0.004496875
33738_r_at,0.049693442
33739_at,-0.015357381
33740_at,-0.046828644
33741_at,0.031339228
33742_f_at,-0.167271383
33743_at,0.262502892
33744_at,0.028288344
33745_at,0.100351105
33746_at,0.500647342
33747_s_at,0.234879389
33748_at,-0.101378454
33749_at,-0.042473082
33750_at,-0.046665063
33751_at,-0.001818866
33752_at,-0.065090225
33753_at,-0.336666414
33754_at,0.173156728
33755_at,0.127713376
33756_at,0.059118586
33757_f_at,-0.022231495
33758_f_at,-0.198537714
33759_at,0.135209057
33760_at,0.24686239
33761_s_at,-0.334943945
33762_r_at,0.017840633
33763_at,-0.123101225
33764_at,-0.02205814
33765_at,0.103087298
33766_at,-0.001387905
33767_at,0.774913914
33768_at,0.055669524
33769_at,-0.396932775
33770_at,0.190225342
33771_at,0.025799766
33772_at,0.00750103
33773_at,0.334528804
33774_at,-0.184276627
33775_s_at,-0.021277289
33776_at,0.37712999
33777_at,0.139892949
33778_at,-0.083451565
33779_at,-0.14221515
33780_at,-0.082681219
33781_s_at,0.300733708
33782_r_at,0.192370665
33783_at,-0.172236556
33784_at,0.05653787
33785_at,-0.036634428
33786_r_at,-0.039774909
33787_at,-0.243377268
33788_at,-0.025865921
33789_at,0.28825097
33790_at,0.013726253
33791_at,0.771329868
33792_at,-0.062053801
33793_at,0.046938738
33794_g_at,-0.07431717
33795_at,-0.072446778
33796_at,0.875164433
33797_at,0.418462258
33798_at,0.005248156
33799_at,0.162012327
338_at,0.039944107
33800_at,-0.889975097
33801_at,-0.075988153
33802_at,-0.284321924
33803_at,0.039340964
33804_at,0.109682938
33805_at,0.273744082
33806_at,0.151790003
33807_at,-0.054323492
33808_at,-0.020944275
33809_at,-1.392856991
33810_at,-0.36634077
33811_at,0.14747816
33812_at,-0.060712414
33813_at,0.372835266
33814_at,-0.170543919
33815_at,0.26799749
33816_at,-0.136349382
33817_at,0.036920528
33818_at,-0.170213451
33819_at,0.005873865
33820_g_at,0.093463749
33821_at,0.095656196
33822_at,-0.362685126
33823_at,-0.493761547
33824_at,-0.722487252
33825_at,-0.742002612
33826_at,0.465566466
33827_at,0.116340419
33828_at,-0.086272773
33829_at,0.035397573
33830_at,-0.02838547
33831_at,0.115624681
33832_at,0.095059273
33833_at,-1.01777463
33834_at,-0.159054098
33835_at,-0.216725649
33836_at,-0.476116341
33837_at,0.332583857
33838_at,0.145532212
33839_at,-0.217930549
33840_at,-0.237381168
33841_at,-0.16364394
33842_at,0.150493982
33843_g_at,0.165753046
33844_at,0.099016356
33845_at,0.330157898
33846_at,0.0342429
33847_s_at,-1.054489468
33848_r_at,-0.186365723
33849_at,-0.154446
33850_at,0.122014117
33851_at,-0.024673498
33852_at,-0.106054313
33853_s_at,0.011451256
33854_at,-0.272081488
33855_at,0.092553438
33856_at,-0.402443149
33857_at,0.14526502
33858_at,0.061462848
33859_at,0.145860805
33860_at,0.477788311
33861_at,0.046749185
33862_at,-0.634069172
33863_at,-0.298908139
33864_at,-0.286654323
33865_at,-0.458576679
33866_at,-1.387571411
33867_s_at,-1.672608623
33868_at,-0.157907992
33869_at,0.268966772
33870_at,-0.115491013
33871_s_at,-0.100540993
33872_at,0.01281575
33873_at,0.011395375
33874_at,0.184390554
33875_at,-0.000669326
33876_at,-2.290932217
33877_s_at,0.147391813
33878_at,-0.131202862
33879_at,-0.339224716
33880_at,-0.377264693
33881_at,-0.216121317
33882_at,-0.128755098
33883_at,-0.259185811
33884_s_at,0.148400254
33885_at,0.088649957
33886_at,-0.004796084
33887_at,-0.054932839
33888_at,-0.258978062
33889_s_at,0.065948209
33890_at,-0.439371474
33891_at,-0.454229787
33892_at,-0.309043966
33893_r_at,0.020881447
33894_at,0.165571847
33895_at,-0.473866063
33896_at,-0.085417296
33897_at,0.162469052
33898_at,0.083893793
33899_at,-0.125304877
339_at,0.688805694
33900_at,-0.183021012
33901_at,0.094544468
33902_at,0.208718548
33903_at,-0.018146149
33904_at,-1.04453755
33905_at,-0.126670834
33906_at,0.506444419
33907_at,-0.195002018
33908_at,-0.023648811
33909_at,-0.335783436
33910_at,-0.17670532
33911_at,-0.122626444
33912_at,0.178476154
33913_at,-0.097850311
33914_r_at,0.696032826
33915_at,0.021318784
33916_at,-0.20354497
33917_at,-0.049352933
33918_s_at,-0.094343661
33919_at,-0.378836053
33920_at,0.246363137
33921_at,-0.0773291
33922_at,0.187274676
33923_s_at,0.216577554
33924_at,-0.160741412
33925_at,-0.062947716
33926_at,-0.194102477
33927_i_at,0.088381158
33928_r_at,-0.137387287
33929_at,-0.473491004
33930_at,0.03326485
33931_at,0.308020743
33932_at,0.017332568
33933_at,-0.124852972
33934_at,0.198376734
33935_at,0.185675373
33936_at,-0.046835109
33937_at,0.038489912
33938_g_at,-0.107298679
33939_at,0.02491995
33940_at,0.076762738
33941_at,0.026483138
33942_s_at,-0.83929862
33943_at,-0.158255953
33944_at,-0.164191378
33945_at,0.161867904
33946_at,0.072802766
33947_at,0.072620954
33948_at,0.07209592
33949_at,0.219276081
33950_g_at,0.105838898
33951_at,0.135150648
33952_at,0.105066836
33953_at,0.036738037
33954_at,-0.015843403
33955_at,0.153404548
33956_at,-0.374505118
33957_at,0.154559013
33958_at,0.008763615
33959_at,0.261685779
33960_s_at,0.038961082
33961_at,0.037717724
33962_at,0.012766189
33963_at,-0.019717006
33964_at,0.031530421
33965_at,0.100323099
33966_at,0.094212921
33967_at,0.031591668
33968_at,0.233048667
33969_at,0.17582259
33970_at,1.619488195
33971_f_at,0.074998204
33972_r_at,0.210038662
33973_at,0.014178792
33974_at,0.142325282
33975_at,0.281724645
33976_at,0.11451399
33977_at,-0.098096168
33978_at,-0.0690495
33979_at,0.057332723
33980_at,0.15949262
33981_at,-0.021162781
33982_f_at,-0.222452509
33983_at,0.204240986
33984_at,0.051334484
33985_s_at,0.217836938
33986_r_at,0.141000492
33987_at,0.184017826
33988_at,-0.165520748
33989_f_at,-0.424559869
33990_at,-0.082776171
33991_g_at,-2.55415585
33992_at,-2.51305161
33993_at,0.046445165
33994_g_at,-0.134860951
33995_at,0.087094717
33996_at,0.116828398
33997_at,0.26453424
33998_at,-2.218007295
33999_f_at,0.050588083
340_at,-0.395882598
34000_r_at,0.029948873
34001_at,0.4330665
34002_at,0.138631852
34003_at,-0.152561839
34004_at,0.15772709
34005_at,0.129534055
34006_s_at,0.014673889
34007_at,0.166564252
34008_at,0.174277857
34009_at,0.618622129
34010_at,0.193600073
34011_at,-0.123009812
34012_at,0.235127496
34013_f_at,0.058497665
34014_f_at,0.121376322
34015_at,-0.289962877
34016_s_at,-0.406336714
34017_s_at,-0.274842287
34018_at,0.187485555
34019_at,0.013819651
34020_at,0.114364189
34021_at,0.026678051
34022_at,0.062986722
34023_at,0.246192871
34024_at,-0.042335145
34025_at,0.060333648
34026_at,0.206541688
34027_f_at,0.294997987
34028_at,-0.172385052
34029_at,0.084904333
34030_at,0.058549911
34031_i_at,0.300747344
34032_at,0.209166979
34033_s_at,-0.031230757
34034_at,0.343129734
34035_at,0.196567462
34036_at,0.458439861
34037_at,0.087678832
34038_at,0.213197889
34039_at,0.13209315
34040_s_at,0.26965486
34041_at,0.106347832
34042_at,0.122807132
34043_at,0.037783639
34044_at,0.091113901
34045_at,0.028065302
34046_at,0.010150877
34047_at,0.125337098
34048_at,0.141636284
34049_at,0.150205216
34050_at,0.096896892
34051_at,0.19662892
34052_at,0.34990532
34053_at,0.36406336
34054_at,-0.047893177
34055_at,0.294617391
34056_g_at,-0.00171383
34057_at,0.203782744
34058_at,0.063310601
34059_at,-0.135900542
34060_g_at,0.011218525
34061_at,0.047251724
34062_at,0.16109862
34063_at,-0.039893693
34064_s_at,0.064044202
34065_at,0.255226333
34066_at,-0.006635716
34067_at,0.061030043
34068_f_at,1.138185631
34069_s_at,0.024444407
34070_s_at,-0.043326384
34071_at,0.070237322
34072_s_at,0.136092592
34073_s_at,0.147814024
34074_s_at,0.191400458
34075_at,0.041274539
34076_at,0.165436778
34077_at,0.160919804
34078_s_at,0.105660095
34079_at,0.0466972
34080_at,0.080908384
34081_at,0.070723899
34082_at,0.019223391
34083_at,0.321088836
34084_at,-0.174702686
34085_at,0.198879681
34086_at,0.157432361
34087_at,0.051507944
34088_at,0.064982218
34089_at,-0.036142062
34090_at,0.120153091
34091_s_at,-0.638915437
34092_at,-0.000317134
34093_at,5.00E-06
34094_i_at,0.234553563
34095_f_at,0.213804014
34096_at,0.268545906
34097_at,0.131453242
34098_f_at,0.256160149
34099_f_at,0.193745384
341_at,0.135694135
34100_at,0.074331309
34101_at,-0.003390093
34102_at,0.155626571
34103_at,0.090584774
34104_i_at,0.030334166
34105_f_at,0.115942629
34106_at,-0.187749044
34107_at,-0.085728386
34108_g_at,-0.019781175
34109_at,0.04539375
34110_g_at,-0.168926083
34111_s_at,0.040487332
34112_r_at,0.027905391
34113_at,0.118861987
34114_at,0.102865254
34115_at,-0.011878643
34116_at,0.133572177
34117_at,-0.112361072
34118_at,-0.016998058
34119_at,0.008964027
34120_r_at,0.098533562
34121_at,0.200288456
34122_at,0.103405954
34123_at,0.14471774
34124_at,0.11813158
34125_at,0.078314068
34126_at,0.098732734
34127_at,0.083462243
34128_at,0.084022866
34129_at,0.057232765
34130_at,0.147158339
34131_at,0.111302199
34132_at,0.299472314
34133_at,0.118578213
34134_at,0.092059499
34135_at,0.285988343
34136_s_at,0.253149172
34137_at,-0.071085846
34138_at,0.101007105
34139_at,0.112068377
34140_at,0.062055479
34141_at,0.232869342
34142_at,0.154056176
34143_at,0.037210346
34144_at,-0.101035427
34145_at,0.164148891
34146_at,0.00629453
34147_g_at,0.008753135
34148_at,0.047960956
34149_at,0.023567882
34150_at,0.181367121
34151_at,0.21683047
34152_at,0.08639957
34153_at,-0.038144722
34154_at,-0.049578658
34155_s_at,-0.853603707
34156_i_at,0.409849704
34157_f_at,0.393357252
34158_s_at,-0.038121047
34159_at,0.023560543
34160_at,-0.418739027
34161_at,0.075228728
34162_at,-0.718063023
34163_g_at,-1.126457455
34164_at,0.198100245
34165_at,0.141261154
34166_at,-0.024679585
34167_s_at,0.055727008
34168_at,-0.081921644
34169_s_at,0.078056356
34170_s_at,0.119029302
34171_at,-0.401074719
34172_s_at,-0.060472598
34173_s_at,0.042033782
34174_s_at,-0.073540734
34175_r_at,0.424146435
34176_at,0.362169982
34177_at,-0.031247076
34178_at,0.254011757
34179_at,-0.059441853
34180_at,-0.4618182
34181_at,-0.13437603
34182_at,0.00611034
34183_at,-0.04317919
34184_at,0.152711294
34185_at,-0.140447859
34186_at,0.046907488
34187_at,-0.091538799
34188_at,-0.245000167
34189_at,0.047423942
34190_at,0.72798495
34191_at,0.325683209
34192_at,-0.206243843
34193_at,0.151510605
34194_at,0.168986643
34195_at,0.206030432
34196_at,0.288104161
34197_at,-0.024407737
34198_at,-0.646875971
34199_at,-0.066489694
342_at,-0.93457063
34200_at,0.114582575
34201_at,0.035229519
34202_at,-0.491007759
34203_at,0.086164458
34204_at,0.096458326
34205_at,0.010482838
34206_at,-0.011922648
34207_at,0.010203666
34208_at,0.207726479
34209_at,0.089946802
34210_at,1.002135136
34211_at,0.117911633
34212_at,0.055842585
34213_at,-0.45089666
34214_at,0.074098836
34215_at,-0.160334827
34216_at,-0.126983985
34217_at,-0.13987833
34218_at,0.105169392
34219_at,0.22257599
34220_at,-0.058704466
34221_at,-0.017325021
34222_at,0.181049998
34223_at,0.020515435
34224_at,0.426453873
34225_at,0.083733275
34226_at,-0.229234064
34227_i_at,-0.013695616
34228_r_at,0.044425906
34229_s_at,0.151281515
34230_r_at,0.059102394
34231_at,-0.06420115
34232_at,-0.01318278
34233_i_at,0.423813847
34234_f_at,0.878793199
34235_at,0.197893159
34236_at,0.08897861
34237_at,0.013491364
34238_at,-0.361873251
34239_at,-0.319153551
34240_s_at,-0.008782464
34241_at,0.052806991
34242_at,0.099023281
34243_i_at,-0.03151711
34244_r_at,0.071952953
34245_at,0.101152449
34246_at,-0.348124214
34247_at,0.079413984
34248_at,0.19133598
34249_at,-0.031406256
34250_at,0.056360669
34251_at,0.111101432
34252_at,0.226811919
34253_at,0.149773191
34254_at,-0.040036238
34255_at,0.118202637
34256_at,-0.007420142
34257_at,-0.043952373
34258_at,0.230213351
34259_at,0.18760044
34260_at,0.120089858
34261_at,0.405542656
34262_at,-0.16834949
34263_s_at,-0.386622156
34264_at,0.045933335
34265_at,-0.517492703
34266_at,0.287468707
34267_r_at,0.595006425
34268_at,-0.112111171
34269_at,0.1130449
34270_at,0.183972623
34271_at,0.082827108
34272_at,-0.059733704
34273_at,0.074982056
34274_at,0.356361581
34275_s_at,0.088506209
34276_at,-0.495152611
34277_at,0.071607558
34278_at,0.048194805
34279_at,-0.195635969
34280_at,0.433754096
34281_at,-0.208889068
34282_at,-0.201044299
34283_at,-0.503407907
34284_at,0.098309024
34285_at,0.419128303
34286_at,0.177790488
34287_at,-0.107585043
34288_at,-0.142402626
34289_f_at,0.158344447
34290_f_at,0.204230429
34291_at,0.430344237
34292_at,-0.040231845
34293_at,-0.017747178
34294_at,0.149341186
34295_at,0.346824712
34296_at,-0.475422681
34297_at,-0.414320876
34298_at,-0.019648922
34299_at,-0.237546177
343_s_at,-0.361720895
34300_at,-0.120445306
34301_r_at,-0.266812432
34302_at,0.25882421
34303_at,-0.118169585
34304_s_at,-0.217234894
34305_at,0.185433358
34306_at,0.248784794
34307_at,-0.070706621
34308_at,0.965657282
34309_at,0.101530362
34310_at,0.313222882
34311_at,-0.817568778
34312_at,-0.96758834
34313_at,0.047454889
34314_at,0.373053959
34315_at,0.437525011
34316_at,0.277990392
34317_g_at,0.1681496
34318_at,-0.506823315
34319_at,-0.203803682
34320_at,-0.011436433
34321_i_at,-0.197625334
34322_r_at,-0.033001505
34323_at,0.451485001
34324_at,-0.224771104
34325_at,0.647109521
34326_at,0.069060157
34327_at,0.163267581
34328_s_at,0.058279526
34329_at,-0.063592576
34330_at,0.20399503
34331_at,0.088474209
34332_at,0.053959601
34333_at,-0.080610297
34334_at,-0.153419674
34335_at,-0.602846845
34336_at,0.252655607
34337_s_at,0.418071065
34338_at,-0.261526504
34339_at,-0.305970727
34340_at,-0.024389262
34341_at,0.075734123
34342_s_at,-2.43931695
34343_at,1.474739307
34344_at,0.030840636
34345_at,-0.05522609
34346_at,0.057788193
34347_at,-0.130928811
34348_at,-0.674162033
34349_at,0.108950061
34350_at,-0.135819673
34351_at,-0.00432808
34352_at,0.059447397
34353_at,0.164533094
34354_at,0.12647539
34355_at,-0.043853218
34356_at,-0.348585103
34357_g_at,-0.018920621
34358_at,0.578606435
34359_at,0.92592238
34360_s_at,0.441055
34361_at,-0.091946001
34362_at,-0.008809313
34363_at,-1.564408031
34364_at,0.314592658
34365_at,-0.175164287
34366_g_at,0.416828601
34367_at,-0.231781961
34368_at,0.19627348
34369_at,0.511847867
34370_at,-0.167455405
34371_at,0.238852718
34372_at,-0.153960296
34373_at,-0.233736582
34374_g_at,-0.265356315
34375_at,-0.109897004
34376_at,-0.800696875
34377_at,-0.087001709
34378_at,-0.187497753
34379_at,0.160939083
34380_at,0.34900639
34381_at,0.325356262
34382_at,-0.009936608
34383_at,0.039961773
34384_at,-0.21741702
34385_at,0.182489806
34386_at,0.224761622
34387_at,-0.183485642
34388_at,-0.177079504
34389_at,-0.010367751
34390_at,-0.722977766
34391_at,0.138710832
34392_s_at,-0.17413028
34393_r_at,0.033996857
34394_at,-0.242860681
34395_at,0.170952767
34396_at,-0.241180707
34397_at,-0.126317123
34398_at,0.057795966
34399_at,-0.009825324
344_s_at,-0.136926977
34400_at,0.410808222
34401_at,0.396325992
34402_at,-0.098077056
34403_at,0.195289445
34404_at,-0.65753701
34405_at,-0.212510913
34406_at,-0.252912735
34407_at,-0.362260346
34408_at,0.279749474
34409_at,-0.218303223
34410_at,0.160113313
34411_at,-0.117803982
34412_s_at,1.394344189
34413_at,-0.137956323
34414_at,-0.048778963
34415_at,0.151825013
34416_at,0.11672729
34417_at,-0.966457767
34418_at,0.186513627
34419_at,-0.001971856
34420_at,0.030005684
34421_g_at,0.187950439
34422_r_at,0.157153185
34423_at,-0.031269101
34424_at,0.036417145
34425_at,0.048563035
34426_at,0.040030165
34427_g_at,0.117990187
34428_at,0.16662893
34429_at,0.062271075
34430_at,0.075572639
34431_at,0.100576481
34432_at,0.34526283
34433_at,0.146378381
34434_at,0.076412506
34435_at,0.072687803
34436_at,0.35205034
34437_at,0.249152813
34438_at,0.023219214
34439_at,0.092006314
34440_at,0.02902847
34441_at,0.170166135
34442_at,0.136117043
34443_at,0.109341595
34444_at,0.065946972
34445_at,-0.044401213
34446_at,0.448955197
34447_at,0.029787025
34448_s_at,-0.015610637
34449_at,0.001973553
34450_at,0.338367557
34451_at,-0.053612347
34452_at,-0.039743645
34453_at,0.153489515
34454_r_at,0.073580698
34455_at,-0.082589844
34456_s_at,0.076661887
34457_at,0.025214691
34458_at,-0.082168782
34459_at,0.151316856
34460_at,-0.058270748
34461_at,0.136475258
34462_at,0.01748842
34463_at,0.02027499
34464_at,0.091745534
34465_at,0.063954035
34466_at,0.191952377
34467_g_at,0.113829704
34468_at,0.035841183
34469_at,0.107650328
34470_at,0.129593737
34471_at,0.033160137
34472_at,-1.301157729
34473_at,-0.012734662
34474_at,0.089790531
34475_at,0.049381588
34476_r_at,0.017330512
34477_at,-0.001951019
34478_at,-0.22042258
34479_at,0.049285797
34480_at,0.021091003
34481_at,-0.070138498
34482_at,0.14423414
34483_at,0.330116676
34484_at,-0.04964792
34485_r_at,-0.08971169
34486_at,0.246736432
34487_at,0.033676542
34488_i_at,0.132172797
34489_f_at,0.038257603
34490_f_at,-0.146029893
34491_at,-0.076873573
34492_at,-0.020316706
34493_at,-0.009912371
34494_at,0.119938374
34495_r_at,-0.001768191
34496_at,0.143598421
34497_at,0.136189347
34498_at,0.241976197
34499_at,0.238946032
345_at,0.142302115
34500_at,0.184316452
34501_at,0.058074402
34502_g_at,0.026159719
34503_at,0.093817662
34504_at,0.318255608
34505_at,0.107509276
34506_at,-0.072470587
34507_s_at,0.051770445
34508_r_at,-0.006549465
34509_at,0.10218219
34510_at,0.179129882
34511_s_at,0.329452004
34512_at,-0.011298712
34513_at,0.109717708
34514_at,0.197949766
34515_g_at,0.256054274
34516_at,0.191711706
34517_at,-0.070099817
34518_at,0.269345215
34519_at,0.068501002
34520_at,-0.528988139
34521_at,0.014936792
34522_at,0.211093328
34523_at,0.35156845
34524_at,-0.032325516
34525_at,0.04695637
34526_s_at,-0.033541827
34527_r_at,0.042069094
34528_at,0.168065951
34529_at,0.05729299
34530_at,0.14887344
34531_at,0.233410447
34532_at,0.229608573
34533_at,-0.100387965
34534_at,0.047582415
34535_at,0.265570121
34536_g_at,0.156076039
34537_at,0.059345474
34538_at,0.102944583
34539_at,0.185937922
34540_at,0.104712415
34541_at,-0.0105661
34542_at,0.109206367
34543_at,0.111821691
34544_at,0.002292456
34545_at,-0.016708324
34546_at,0.046614838
34547_at,0.032011725
34548_at,0.189705794
34549_g_at,-0.008168445
34550_at,0.026219319
34551_at,0.315832475
34552_at,0.10420796
34553_at,0.107220974
34554_at,0.055201343
34555_at,0.107235746
34556_at,0.157056667
34557_at,-0.042112754
34558_at,0.054983986
34559_at,0.165134842
34560_at,0.002832978
34561_at,0.280573148
34562_at,-0.093179709
34563_at,0.186398115
34564_at,0.021279811
34565_at,-0.053421801
34566_at,0.086895067
34567_at,0.0974993
34568_at,0.07746509
34569_at,0.102026098
34570_at,0.203785867
34571_at,-0.020037331
34572_at,0.211620117
34573_at,0.024058365
34574_at,-0.073149924
34575_f_at,0.489066466
34576_at,0.13118508
34577_at,0.506089427
34578_at,0.138810944
34579_r_at,0.234950046
34580_at,0.078026659
34581_s_at,-0.001947607
34582_at,0.16070474
34583_at,-0.093560211
34584_at,0.015209262
34585_at,0.10851111
34586_s_at,-0.003743215
34587_at,-0.11558221
34588_i_at,0.124028016
34589_f_at,0.104153767
34590_at,-0.083200083
34591_at,-0.125945156
34592_at,0.161578253
34593_g_at,0.096020102
34594_at,0.30083356
34595_at,0.08261362
34596_at,0.137261024
34597_at,0.042125364
34598_at,0.008127865
34599_at,0.033568811
346_s_at,-0.000522473
34600_s_at,0.101597225
34601_at,0.011893996
34602_at,-0.04745971
34603_at,0.060246622
34604_at,0.253422887
34605_at,0.003684913
34606_s_at,0.089080615
34607_at,0.262126166
34608_at,0.109941538
34609_g_at,0.204745352
34610_at,0.070167727
34611_at,0.293554032
34612_at,0.216617077
34613_at,0.203461018
34614_at,-0.034788269
34615_at,0.288470802
34616_at,0.188944386
34617_at,0.094856265
34618_at,0.127848607
34619_at,0.299626033
34620_at,0.167089282
34621_at,0.240207222
34622_at,0.287101241
34623_at,0.099180177
34624_at,0.057464317
34625_at,0.041517291
34626_at,0.025336312
34627_at,0.073593163
34628_at,0.130663007
34629_at,0.213433618
34630_s_at,0.146221877
34631_at,-0.134852403
34632_r_at,0.116777893
34633_s_at,-0.04136294
34634_s_at,0.167147855
34635_at,0.136782075
34636_at,0.029919668
34637_f_at,0.069950451
34638_r_at,0.187137772
34639_at,0.065105349
34640_at,0.327770284
34641_at,0.236131811
34642_at,-0.448539596
34643_at,-0.056283063
34644_at,-0.105796109
34645_at,0.035312225
34646_at,0.233868897
34647_at,-0.088661046
34648_at,-0.171577558
34649_at,-0.05671181
34650_at,-0.137439557
34651_at,0.296478283
34652_at,0.127358055
34653_at,0.348295254
34654_at,0.131202241
34655_at,-0.069606301
34656_at,-0.045362066
34657_at,-0.089976569
34658_at,0.040845618
34659_at,0.351823416
34660_at,-0.363213626
34661_at,-0.037268908
34662_at,0.009302884
34663_at,0.102113511
34664_at,0.241377465
34665_g_at,0.44616028
34666_at,0.076644683
34667_at,0.172161049
34668_at,0.090828289
34669_at,-0.300545262
34670_at,-0.14197277
34671_at,0.403582503
34672_at,-0.255867046
34673_r_at,-0.008940791
34674_at,-0.172965176
34675_at,0.092431428
34676_at,0.164056921
34677_f_at,-0.364275563
34678_at,-1.52082863
34679_at,0.016660313
34680_s_at,-0.135640746
34681_at,0.18057348
34682_at,0.137793103
34683_at,-0.095307341
34684_at,-0.3823668
34685_at,0.02736013
34686_at,0.124096739
34687_at,-0.040880136
34688_at,-0.944487796
34689_at,-0.11266209
34690_at,0.032214061
34691_f_at,-0.125770758
34692_r_at,-0.023346134
34693_at,-0.672488674
34694_at,-0.185694653
34695_at,-0.01871706
34696_at,-0.006989731
34697_at,0.117092187
34698_at,0.018734717
34699_at,0.19238717
347_s_at,0.107626968
34700_at,0.127111591
34701_at,0.018379042
34702_f_at,-0.160415503
34703_f_at,-0.525055449
34704_r_at,-0.114361701
34705_at,0.279970172
34706_at,0.014652706
34707_at,-0.171847933
34708_at,0.255932233
34709_r_at,0.038113858
34710_r_at,0.033695296
34711_at,0.083137477
34712_at,-0.358574339
34713_at,-0.275017196
34714_at,-0.067120246
34715_at,-0.406981528
34716_at,0.086520305
34717_s_at,0.29874451
34718_at,-1.021758475
34719_at,-0.38990875
34720_at,0.008252881
34721_at,0.637540582
34722_at,-0.103652903
34723_at,0.010234201
34724_at,-0.145237007
34725_at,-0.187424214
34726_at,-0.361954913
34727_at,0.34371621
34728_g_at,0.41201761
34729_at,-0.086569141
34730_g_at,-0.040944141
34731_at,0.123817011
34732_at,0.160394792
34733_at,-0.067346104
34734_at,-0.023280295
34735_at,-0.275328776
34736_at,0.186419048
34737_at,0.055969435
34738_at,-0.121385273
34739_at,-0.758738746
34740_at,-0.2578307
34741_at,0.293833255
34742_at,0.053185853
34743_at,-0.021963515
34744_at,0.339643623
34745_at,-0.060734643
34746_at,-0.100102262
34747_at,-0.206603016
34748_at,0.10767424
34749_at,0.105310749
34750_r_at,-0.06344612
34751_at,-0.455742257
34752_at,-0.260260896
34753_at,0.23991201
34754_at,0.244526272
34755_at,0.012801188
34756_g_at,0.080075121
34757_at,-0.031277993
34758_at,0.197262192
34759_at,-0.056239417
34760_at,-0.192087423
34761_r_at,-0.373019573
34762_at,0.253163129
34763_at,-0.022350397
34764_at,0.309744363
34765_at,0.200295956
34766_r_at,-0.163213703
34767_at,-0.67518704
34768_at,-0.157679453
34769_at,-0.016996846
34770_at,0.364944754
34771_at,-0.129149275
34772_at,-0.185172906
34773_at,0.26166375
34774_at,0.031668747
34775_at,-0.018695893
34776_at,-0.330215948
34777_at,-1.220865272
34778_at,-0.489682349
34779_at,-0.116958834
34780_at,-0.487991594
34781_at,0.155361911
34782_at,-0.160049698
34783_s_at,0.170642139
34784_at,-0.112454425
34785_at,0.098907616
34786_at,-0.639130033
34787_at,0.204081773
34788_at,-0.123042805
34789_at,0.315731775
34790_at,0.157977004
34791_at,0.441782042
34792_at,-0.169463195
34793_s_at,-2.469937021
34794_r_at,-0.327377081
34795_at,-2.446486606
34796_at,-0.270260225
34797_at,-1.108699625
34798_at,0.237937676
34799_at,0.213024978
348_at,-0.045646754
34800_at,-1.375234223
34801_at,-0.247281229
34802_at,-1.336836566
34803_at,-0.093534094
34804_at,-0.27912447
34805_at,-0.002832634
34806_at,0.063527026
34807_at,0.183169024
34808_at,0.009642599
34809_at,-0.021662512
34810_at,0.086829303
34811_at,0.681687384
34812_at,0.14129824
34813_at,0.026605495
34814_at,0.289100423
34815_at,0.182391368
34816_at,0.202411845
34817_s_at,0.141633319
34818_at,-0.730086055
34819_at,-0.164632832
34820_at,-0.442058349
34821_at,0.189796731
34822_at,0.518579699
34823_at,0.031835103
34824_at,-0.133184548
34825_at,0.359527076
34826_at,0.041131972
34827_at,-0.337931249
34828_at,0.323234383
34829_at,0.453393611
34830_at,-0.325977746
34831_at,0.221629001
34832_s_at,-0.012091891
34833_at,-0.118857809
34834_at,-0.029497397
34835_at,-0.181021366
34836_at,-0.197463063
34837_at,-0.085857837
34838_at,0.003420215
34839_at,0.195908897
34840_at,-1.22712464
34841_at,0.070561392
34842_at,-1.39531933
34843_at,-0.115756599
34844_at,-0.126250886
34845_at,0.081172172
34846_at,0.068176819
34847_s_at,0.090356296
34848_at,-0.194404524
34849_at,0.376811897
34850_at,-0.132903388
34851_at,0.003480477
34852_g_at,0.235462968
34853_at,-0.737336767
34854_at,0.258219812
34855_at,0.040560975
34856_at,0.139534201
34857_at,0.043789636
34858_at,-0.151375846
34859_at,-0.383161505
34860_g_at,-0.573732745
34861_at,0.083670518
34862_at,-0.087841607
34863_s_at,0.07756307
34864_at,0.112683822
34865_at,0.632250779
34866_at,-0.457759037
34867_at,0.080842158
34868_at,0.281306024
34869_at,0.074042178
34870_at,0.163775022
34871_at,-0.143508034
34872_at,0.070522784
34873_at,-0.068253152
34874_at,-0.241365575
34875_r_at,0.200183939
34876_at,-0.179710555
34877_at,-0.263176786
34878_at,0.11600563
34879_at,0.174587844
34880_at,0.26323218
34881_at,0.266733759
34882_at,0.157691198
34883_at,0.166331626
34884_at,-1.672542942
34885_at,0.170897307
34886_at,-0.121278663
34887_at,-0.542836683
34888_at,-0.229183815
34889_at,-0.264770397
34890_at,-0.107529209
34891_at,0.208499292
34892_at,-0.285498142
34893_at,0.548809655
34894_r_at,0.008656806
34895_at,-0.232103866
34896_at,0.247100546
34897_at,0.120467865
34898_at,-0.554599455
34899_at,0.177336278
349_g_at,0.272215225
34900_at,0.085970741
34901_at,0.244691302
34902_at,0.07169776
34903_at,0.129293621
34904_at,0.217093115
34905_at,-0.060754789
34906_g_at,0.180542485
34907_at,0.070706518
34908_at,0.041765817
34909_at,-0.022993472
34910_s_at,0.148974692
34911_r_at,0.169316298
34912_at,0.164115489
34913_at,0.184309574
34914_at,0.014391506
34915_at,0.113643868
34916_s_at,0.194483156
34917_at,0.314374709
34918_at,0.181053369
34919_at,0.021428338
34920_at,0.052445921
34921_at,0.017277022
34922_at,-0.030813969
34923_at,0.23219759
34924_at,0.132338683
34925_at,0.049085326
34926_at,-0.180453679
34927_at,-0.388721314
34928_at,0.183457896
34929_at,0.447166443
34930_at,0.008004839
34931_at,0.276734902
34932_at,0.528798037
34933_at,0.081515565
34934_at,-0.015693564
34935_at,0.160505917
34936_at,-0.041723467
34937_at,0.320576647
34938_i_at,-0.406085094
34939_r_at,-0.029018749
34940_at,-0.03967507
34941_at,0.065872501
34942_at,-0.18433343
34943_at,0.179961981
34944_at,0.073800521
34945_at,0.008520916
34946_at,0.233520676
34947_at,-0.120554185
34948_at,0.088468249
34949_at,0.001023248
34950_at,-0.009352559
34951_at,0.025340788
34952_at,0.138447422
34953_i_at,0.109673146
34954_r_at,0.059331598
34955_at,0.145346735
34956_at,0.264807127
34957_at,-0.032514294
34958_at,0.050992498
34959_at,0.038173669
34960_g_at,-0.005851607
34961_at,0.030737494
34962_at,0.047879547
34963_at,0.101180493
34964_at,1.039246622
34965_at,0.086275269
34966_at,0.096104363
34967_at,-0.124594417
34968_at,0.088583734
34969_s_at,0.352371356
34970_r_at,0.174342037
34971_at,0.045013492
34972_s_at,0.049916951
34973_at,0.134651954
34974_at,0.236385129
34975_at,0.067817679
34976_at,0.555018479
34977_at,0.302002453
34978_g_at,0.030652349
34979_at,-0.038474144
34980_at,0.063258001
34981_at,0.172224234
34982_at,0.074538473
34983_at,0.312937635
34984_at,0.009627122
34985_at,0.005397073
34986_at,-0.076994332
34987_s_at,-0.110047718
34988_at,0.078555316
34989_at,0.030047285
34990_at,-0.062431379
34991_at,-0.000287062
34992_g_at,0.082516356
34993_at,0.105014943
34994_at,-0.112000408
34995_at,0.071844205
34996_at,0.088383173
34997_r_at,-0.07513276
34998_at,0.53470926
34999_at,0.190467997
350_at,-0.315537009
35000_at,-0.139622855
35001_at,0.1283036
35002_g_at,0.289199177
35003_at,0.046231337
35004_at,-0.780789351
35005_at,0.153757277
35006_at,0.322483692
35007_at,0.437373512
35008_at,0.042365214
35009_at,0.15853144
35010_at,0.303641372
35011_at,0.145164161
35012_at,0.215566074
35013_at,0.05053054
35014_at,-0.045798538
35015_at,0.220398207
35016_at,-0.351078125
35017_f_at,-0.770540628
35018_at,0.270329608
35019_at,0.315649662
35020_at,0.15876176
35021_at,0.046578177
35022_at,0.631083226
35023_at,0.180950483
35024_at,0.121405007
35025_at,0.179590741
35026_f_at,0.097651994
35027_at,-0.013249223
35028_at,-0.167277389
35029_at,0.376304955
35030_i_at,0.399453207
35031_r_at,0.052814418
35032_at,0.1624536
35033_at,-0.085443076
35034_at,0.09412026
35035_at,0.183707712
35036_at,0.251989718
35037_at,0.08676248
35038_at,0.116257757
35039_at,0.015066195
35040_at,0.082508162
35041_at,0.092411772
35042_at,0.184546767
35043_at,0.271171343
35044_i_at,0.011685375
35045_r_at,0.096336272
35046_at,-0.001839977
35047_at,0.165658218
35048_at,0.313211939
35049_g_at,-0.026978459
35050_at,-0.088456831
35051_at,0.197156712
35052_r_at,0.177529074
35053_at,0.183768865
35054_at,0.043330499
35055_at,0.206295623
35056_at,0.234672594
35057_at,-0.109210292
35058_at,0.184410555
35059_at,0.407119841
35060_at,0.173459186
35061_at,0.371614985
35062_at,0.148930859
35063_at,-0.205951107
35064_at,-0.018344233
35065_at,0.142560004
35066_g_at,0.198564006
35067_at,0.303993979
35068_at,0.081507011
35069_at,0.002205227
35070_at,0.24334389
35071_s_at,-0.033038671
35072_at,0.269001087
35073_at,0.153337682
35074_at,0.059962833
35075_at,0.359803971
35076_at,0.183584351
35077_at,0.121791395
35078_at,0.473025035
35079_at,0.085732797
35080_at,0.065274005
35081_at,0.072794914
35082_at,-0.156343245
35083_at,-0.012064312
35084_at,0.307848187
35085_r_at,0.111848183
35086_at,-0.028065554
35087_at,0.04713391
35088_at,0.251365363
35089_at,-0.001241963
35090_g_at,-0.039578828
35091_at,0.114693964
35092_at,0.131657545
35093_at,0.08663592
35094_f_at,0.038972412
35095_r_at,0.230979842
35096_at,0.140597618
35097_at,1.539412467
35098_at,0.223815916
35099_at,-0.187008869
351_f_at,0.316984533
35100_at,0.122606954
35101_at,0.096383056
35102_at,-0.167523549
35103_i_at,-0.031749072
35104_r_at,0.119939717
35105_at,0.066559188
35106_at,0.134269177
35107_at,0.198528449
35108_at,0.210517091
35109_at,0.080038606
35110_at,-0.010780806
35111_at,0.270973384
35112_at,0.01959393
35113_at,0.172574437
35114_at,0.20539752
35115_at,0.040933874
35116_at,0.178971008
35117_at,0.200983013
35118_at,-0.143834021
35119_at,0.128978456
35120_at,0.089034437
35121_at,-0.052829943
35122_at,0.144933477
35123_at,-0.13568272
35124_at,0.252732196
35125_at,0.182880942
35126_at,0.089348005
35127_at,1.214574905
35128_at,0.102367125
35129_at,0.324458163
35130_at,0.20687559
35131_at,0.266803589
35132_at,-0.010044529
35133_at,0.239315647
35134_at,-0.085908513
35135_at,0.103130866
35136_at,0.234225972
35137_at,0.09637251
35138_at,0.041414147
35139_at,-0.080418175
35140_at,0.304920959
35141_at,0.119288253
35142_at,-0.275394866
35143_at,0.18686683
35144_at,0.118149679
35145_at,-0.339168202
35146_at,-0.287234933
35147_at,-0.031788023
35148_at,0.114078826
35149_at,0.112664016
35150_at,0.035862805
35151_at,-0.173609329
35152_at,-0.031642122
35153_at,0.167466426
35154_at,-0.385179535
35155_at,-0.328889512
35156_at,0.151717357
35157_at,0.343853933
35158_at,-0.586965429
35159_at,0.429812572
35160_at,0.272051924
35161_at,0.091985587
35162_s_at,-0.135683136
35163_at,0.028524772
35164_at,-0.220537271
35165_at,-0.162731378
35166_at,-0.039221988
35167_at,0.436026527
35168_f_at,-1.046313806
35169_at,-0.203876405
35170_at,-0.065134622
35171_at,0.214960699
35172_at,0.689815813
35173_at,-0.123141762
35174_i_at,-0.668017269
35175_f_at,-0.064402642
35176_at,0.03152575
35177_at,0.321869401
35178_at,-0.000889695
35179_at,0.11324198
35180_at,0.247248833
35181_at,-0.020333991
35182_f_at,0.095547795
35183_at,0.301566964
35184_at,-0.135440661
35185_at,-0.201040837
35186_at,0.338087284
35187_at,-0.158215146
35188_at,-0.095141977
35189_at,0.348459788
35190_at,0.084876202
35191_at,0.114237328
35192_at,-0.267556538
35193_at,-0.916361068
35194_at,-0.466066301
35195_at,0.545184984
35196_at,0.055995069
35197_at,0.044008601
35198_at,0.242519101
35199_at,0.159370176
352_at,-0.085063804
35200_at,-0.733215954
35201_at,0.001425529
35202_at,0.04121121
35203_at,-0.133499618
35204_at,-0.124051429
35205_at,-0.069715152
35206_at,-0.144920811
35207_at,-0.245546336
35208_at,-0.000933218
35209_at,0.145180888
35210_at,-0.157090851
35211_at,-0.26339897
35212_at,0.049522441
35213_at,-0.082412093
35214_at,-0.79810119
35215_at,0.312943564
35216_at,-0.159875873
35217_at,-0.00659451
35218_at,0.5449838
35219_at,0.081482254
35220_at,-0.10333402
35221_at,-0.00815284
35222_at,-0.011925839
35223_at,0.008577305
35224_at,0.045000185
35225_at,-0.100573863
35226_at,0.104599314
35227_at,0.006227508
35228_at,-0.21414111
35229_at,0.089957157
35230_at,0.05773774
35231_at,0.127744441
35232_f_at,0.384217098
35233_r_at,0.493854382
35234_at,-0.398102367
35235_at,0.039707804
35236_g_at,-0.197809394
35237_at,0.000801997
35238_at,-0.395536114
35239_at,0.195907912
35240_at,0.151710343
35241_at,0.021309838
35242_at,-0.083090744
35243_at,-0.191116282
35244_at,-0.126297815
35245_at,-0.146901932
35246_at,0.098876253
35247_at,0.530611893
35248_at,0.207041685
35249_at,-0.238386905
35250_at,-0.02514124
35251_at,0.280163875
35252_at,-0.142784329
35253_at,0.235054354
35254_at,0.005192669
35255_at,-0.091047558
35256_at,0.216523823
35257_at,0.048243192
35258_f_at,-0.134475532
35259_s_at,-0.150046042
35260_at,0.034035233
35261_at,0.281778553
35262_at,-0.04590445
35263_at,0.254592853
35264_at,0.410183139
35265_at,-0.150740146
35266_at,-0.170389526
35267_g_at,-0.119091068
35268_at,-0.081519833
35269_at,0.098429832
35270_at,0.642361913
35271_at,0.33799887
35272_at,0.312382726
35273_at,0.104386091
35274_at,-0.314378732
35275_at,-0.41834552
35276_at,-0.318972001
35277_at,0.076630185
35278_at,0.135169526
35279_at,-0.135250112
35280_at,0.160134354
35281_at,0.113069036
35282_r_at,-0.218651294
35283_at,-0.134665271
35284_f_at,-0.060243989
35285_at,0.069863782
35286_r_at,0.10337745
35287_at,0.018578432
35288_at,-0.153291026
35289_at,-0.510654518
35290_at,-0.091276872
35291_at,0.521842263
35292_at,-0.02253014
35293_at,0.460554342
35294_at,0.476130619
35295_g_at,0.397194134
35296_at,0.24481275
35297_at,0.454765366
35298_at,0.11049289
35299_at,0.390771827
353_at,-0.174385557
35300_at,0.390198007
35301_at,0.424891855
35302_at,-0.108416078
35303_at,0.246526062
35304_at,-0.156333393
35305_at,0.016084847
35306_at,0.210972422
35307_at,0.319903241
35308_at,0.005004566
35309_at,-0.088029331
35310_at,0.246143384
35311_at,0.388282614
35312_at,-0.083367967
35313_at,-0.168943688
35314_at,-0.440933459
35315_at,-0.996322397
35316_at,-0.482268697
35317_at,-0.136782354
35318_at,0.256050616
35319_at,-0.134888863
35320_at,0.084747792
35321_at,0.0179034
35322_at,0.191630858
35323_at,0.230485825
35324_at,0.055485868
35325_at,-0.156545263
35326_at,0.039627843
35327_at,0.263035351
35328_at,0.121747635
35329_at,0.141937815
35330_at,0.629281789
35331_at,-0.101459806
35332_at,-2.483387564
35333_r_at,-0.046871383
35334_at,-0.157546139
35335_at,-0.250049302
35336_at,-0.258248251
35337_at,-0.066205401
35338_at,0.148215428
35339_at,-0.225889727
35340_at,-0.136134636
35341_at,-0.072969706
35342_at,-1.094259158
35343_at,0.457082278
35344_at,0.052384242
35345_at,0.121631487
35346_at,0.05499715
35347_at,-0.158639961
35348_at,0.82904324
35349_at,0.449521588
35350_at,-0.19627968
35351_at,0.057580404
35352_at,-0.835232217
35353_at,0.541751561
35354_at,-0.005579138
35355_at,0.370640185
35356_at,0.132257938
35357_at,0.081545182
35358_at,-0.104458519
35359_at,-0.136723135
35360_at,0.059020924
35361_at,-0.125547844
35362_at,-1.602162393
35363_at,-0.475425464
35364_at,0.430821625
35365_at,-0.091348397
35366_at,-1.423642751
35367_at,-2.029659519
35368_at,0.259559924
35369_at,-0.031765107
35370_at,0.194923839
35371_at,0.324789422
35372_r_at,-1.254918701
35373_at,-0.086362936
35374_at,-0.007286644
35375_at,0.014044262
35376_f_at,-0.030255647
35377_at,-0.023339459
35378_at,0.033455474
35379_at,0.034441884
35380_at,0.027581599
35381_at,-0.050471705
35382_at,-0.132625701
35383_at,0.091113046
35384_at,-0.053848474
35385_at,0.338075956
35386_at,0.20721791
35387_r_at,-0.085857583
35388_at,0.175787223
35389_s_at,0.039266896
35390_at,0.146140438
35391_at,0.239178833
35392_g_at,0.099518239
35393_at,-0.129625421
35394_at,-0.019926934
35395_at,0.105968355
35396_at,-0.474747732
35397_at,-0.26942936
35398_at,0.0404545
35399_at,-0.076064885
354_s_at,-0.196040206
35400_at,-0.138333949
35401_s_at,0.118673351
35402_at,-0.063425993
35403_at,-0.084583541
35404_at,0.265284344
35405_at,0.193282272
35406_at,0.057169292
35407_at,0.34024739
35408_i_at,-0.029085165
35409_r_at,0.067701033
35410_at,0.22288234
35411_at,-0.151176335
35412_at,0.024755459
35413_s_at,0.638291701
35414_s_at,-0.608738904
35415_at,-0.372452282
35416_at,-0.040765359
35417_at,0.141771409
35418_at,0.307084215
35419_g_at,0.237690434
35420_r_at,0.021651576
35421_at,0.062867761
35422_at,0.154708487
35423_at,0.292081093
35424_g_at,0.035510079
35425_at,-0.15241579
35426_at,-0.042537143
35427_at,0.139850594
35428_g_at,0.283890221
35429_at,-0.062832985
35430_at,-0.057132593
35431_g_at,-0.103828446
35432_at,-0.087544582
35433_s_at,0.093146016
35434_at,-0.044628725
35435_s_at,0.096700178
35436_at,0.431294675
35437_at,0.022107021
35438_at,-0.029702507
35439_at,0.526474775
35440_g_at,0.185103908
35441_at,0.047886649
35442_at,0.094769555
35443_at,-0.1708323
35444_at,0.131358207
35445_at,0.073850292
35446_at,0.10064401
35447_s_at,0.265475895
35448_at,0.031799561
35449_at,0.401832152
35450_s_at,-0.199704722
35451_s_at,0.077939922
35452_at,0.171650056
35453_at,0.036364488
35454_at,0.117825679
35455_i_at,0.189488767
35456_r_at,0.261402827
35457_at,0.113539628
35458_r_at,-0.034488351
35459_at,-0.004867642
35460_at,-0.046589393
35461_at,0.02412742
35462_at,0.039774941
35463_at,-0.141982361
35464_at,0.083872244
35465_at,0.129116925
35466_at,-0.007054274
35467_g_at,0.171060252
35468_at,0.122761286
35469_at,0.155011817
35470_at,0.213231988
35471_g_at,0.225939257
35472_at,0.013064439
35473_at,0.018517802
35474_s_at,-0.293395543
35475_at,0.1064085
35476_at,0.141336673
35477_at,0.115977613
35478_at,0.033468159
35479_at,0.125600931
35480_at,-0.105441423
35481_at,0.339558547
35482_at,0.09867065
35483_at,0.070808383
35484_at,0.085810009
35485_at,-0.051571634
35486_at,-0.049081655
35487_at,0.050334316
35488_at,-0.246851753
35489_at,0.116636011
35490_at,0.074966511
35491_at,-0.355336216
35492_at,0.043063368
35493_at,0.075571629
35494_at,-0.011475444
35495_at,0.225341984
35496_at,0.326994884
35497_at,0.063870302
35498_at,0.252801495
35499_at,-0.054248173
355_s_at,-0.124109234
35500_at,0.354135904
35501_at,0.120534594
35502_at,0.882694467
35503_at,0.100932219
35504_at,-0.006861399
35505_at,0.162904646
35506_s_at,0.097246784
35507_at,-0.073309447
35508_at,0.218560773
35509_at,0.260544085
35510_at,0.163725315
35511_at,-0.006258035
35512_at,0.006091387
35513_r_at,-0.033506736
35514_at,0.104951123
35515_at,0.132097027
35516_at,0.275000657
35517_at,0.093539335
35518_at,0.307299622
35519_at,0.18312628
35520_at,0.043773923
35521_at,0.086952425
35522_at,0.177988189
35523_at,0.000149832
35524_at,0.135356384
35525_at,0.164056983
35526_at,0.007487683
35527_at,0.089060854
35528_at,-0.018544155
35529_at,0.097820043
35530_f_at,-0.191725403
35531_at,0.115824046
35532_i_at,-0.179739877
35533_f_at,-0.089546868
35534_at,0.033667892
35535_f_at,0.326638644
35536_at,0.050814428
35537_at,0.104063487
35538_at,0.067363072
35539_at,0.065438927
35540_at,0.16088269
35541_r_at,-0.110267589
35542_at,0.146901278
35543_at,0.07516399
35544_at,0.12114791
35545_at,0.257464143
35546_at,0.133627508
35547_at,0.014596291
35548_at,0.058844377
35549_at,0.342919138
35550_at,-0.029328478
35551_g_at,-0.040329184
35552_at,-0.010484517
35553_at,0.003636239
35554_f_at,0.031898193
35555_r_at,0.047239363
35556_at,0.13605676
35557_at,0.310908437
35558_at,0.361156769
35559_at,0.137671152
35560_at,0.217356235
35561_at,-0.131346996
35562_at,0.63489634
35563_at,0.235970091
35564_at,0.081181635
35565_at,0.189300794
35566_f_at,0.084929136
35567_at,0.225878924
35568_at,0.190161425
35569_at,-0.022058046
35570_at,0.121570006
35571_at,0.203102673
35572_f_at,-0.108210121
35573_r_at,0.010236291
35574_i_at,0.351649376
35575_f_at,0.07591707
35576_f_at,1.152501629
35577_at,-0.021088472
35578_at,0.099621554
35579_at,0.127047232
35580_at,0.192525697
35581_at,-0.021980898
35582_at,0.335563087
35583_at,0.28492171
35584_s_at,0.02032428
35585_at,0.213418989
35586_at,0.100255182
35587_at,0.168148428
35588_at,-0.004296731
35589_at,0.150580938
35590_s_at,-0.042289635
35591_at,0.149382312
35592_at,-0.041663127
35593_at,0.092712813
35594_at,0.025917386
35595_at,0.330041458
35596_at,0.109801606
35597_at,-0.271271369
35598_at,0.041737647
35599_at,0.043755069
356_at,0.056356854
35600_at,0.275218352
35601_at,0.035833883
35602_at,0.131722811
35603_at,-0.05009148
35604_at,0.185041261
35605_at,0.374005049
35606_at,0.308265542
35607_at,0.057392958
35608_at,0.052276149
35609_at,0.171489662
35610_at,0.129361553
35611_at,0.126872722
35612_at,-0.017320375
35613_at,0.087851469
35614_at,-0.586018846
35615_at,0.456938176
35616_at,0.151125409
35617_at,-0.087008129
35618_at,-0.264354718
35619_at,0.088973447
35620_at,0.108534437
35621_at,-0.122646235
35622_at,0.052346731
35623_at,0.133389946
35624_at,0.148424526
35625_at,-0.23047688
35626_at,-0.24480292
35627_at,0.137990926
35628_at,-0.116558434
35629_at,-0.066366144
35630_at,-0.214335793
35631_at,0.380058911
35632_at,-0.350506628
35633_at,-0.453909829
35634_at,0.1088794
35635_at,0.027292195
35636_at,0.193215156
35637_at,0.091738438
35638_at,0.200712601
35639_at,0.048016598
35640_at,0.194414978
35641_g_at,0.015193627
35642_at,0.52899572
35643_at,-0.180015828
35644_at,0.905062863
35645_at,0.037620506
35646_at,-0.012163776
35647_at,-0.01248718
35648_at,-0.503978735
35649_at,-0.069362621
35650_at,-0.082223483
35651_at,0.28099159
35652_g_at,0.507800254
35653_at,-0.16019769
35654_at,0.06966583
35655_at,-0.204315994
35656_at,0.100360758
35657_at,0.281631982
35658_at,-0.20236084
35659_at,0.005216505
35660_at,0.064073083
35661_g_at,0.254128721
35662_at,0.45941051
35663_at,-0.457005959
35664_at,0.088051516
35665_at,-0.13743813
35666_at,-0.18721629
35667_at,-0.05947148
35668_at,0.070923514
35669_at,-0.953172659
35670_at,-0.039500565
35671_at,-0.147880492
35672_at,0.028994513
35673_at,-0.104513785
35674_at,0.097326386
35675_at,-0.195523771
35676_at,0.150841075
35677_at,0.159584686
35678_at,0.031955699
35679_s_at,0.123389631
35680_r_at,0.00999329
35681_r_at,0.27672018
35682_at,-0.401448608
35683_at,0.121757626
35684_at,-0.437315974
35685_at,-0.158847692
35686_s_at,-0.07170292
35687_at,0.053408152
35688_g_at,0.032705184
35689_at,0.172881624
35690_s_at,0.131930583
35691_r_at,0.013897173
35692_at,-1.012701671
35693_at,-0.153150718
35694_at,0.015273038
35695_at,-0.170647684
35696_s_at,0.143577236
35697_at,0.21474221
35698_at,-0.756175936
35699_at,-0.02381372
357_at,0.188530251
35700_at,0.012704826
35701_at,0.102594233
35702_at,0.128040113
35703_at,-0.633513483
35704_at,-0.648547791
35705_at,-0.082079221
35706_at,-0.041548466
35707_at,0.453303292
35708_at,0.097149018
35709_at,-0.308018702
35710_s_at,0.558277644
35711_at,-0.070819882
35712_at,-0.089905289
35713_at,0.164717327
35714_at,0.103188899
35715_at,0.165264166
35716_at,0.050710794
35717_at,0.333430368
35718_at,0.04003554
35719_at,-0.400390839
35720_at,-0.178685818
35721_at,0.289847657
35722_at,0.20089335
35723_at,0.077886132
35724_at,-0.425050208
35725_at,-0.044493016
35726_at,0.029585394
35727_at,0.092172046
35728_at,0.149285477
35729_at,0.49600957
35730_at,0.118483862
35731_at,-0.342809576
35732_at,0.130484928
35733_at,0.412190475
35734_at,0.164821693
35735_at,-0.132615293
35736_at,-0.097812065
35737_at,0.136055914
35738_at,0.092559124
35739_at,0.0423055
35740_at,-0.251897991
35741_at,-0.146368301
35742_at,-0.873468013
35743_at,0.235905841
35744_at,0.165121159
35745_f_at,-0.414845697
35746_r_at,-0.337661602
35747_at,-0.780420428
35748_at,0.282674053
35749_at,0.006750403
35750_at,0.439276251
35751_at,0.811727963
35752_s_at,0.213150917
35753_at,-0.206312799
35754_at,-0.589971089
35755_at,-0.123437256
35756_at,-0.313875801
35757_at,0.387888529
35758_at,0.354029541
35759_at,0.305072379
35760_at,0.482728922
35761_at,0.295733431
35762_at,0.0350815
35763_at,0.375229783
35764_at,0.065660188
35765_at,0.084495117
35766_at,-0.682801928
35767_at,0.017068186
35768_at,-0.021655751
35769_at,-0.346843252
35770_at,-0.131516885
35771_at,0.068944236
35772_at,0.092750067
35773_i_at,0.446543512
35774_r_at,0.339285254
35775_at,0.062399989
35776_at,-0.338055136
35777_at,-0.191413194
35778_at,-0.376098667
35779_at,-0.115406367
35780_at,-0.91696674
35781_g_at,-0.476300425
35782_at,0.037136531
35783_at,-0.127026122
35784_at,-0.216989592
35785_at,-0.497253032
35786_at,0.03010732
35787_at,0.186161853
35788_at,-0.0194964
35789_at,-0.045949494
35790_at,0.438920468
35791_at,0.229507961
35792_at,-0.544931672
35793_at,-0.23086843
35794_at,-0.737094092
35795_at,0.000501999
35796_at,-0.084172916
35797_at,0.094513442
35798_at,-0.358337905
35799_at,-0.171433871
358_at,0.226590766
35800_at,0.453703163
35801_at,0.150756307
35802_at,-0.127397063
35803_at,-1.953879262
35804_at,0.870688006
35805_at,0.021051539
35806_at,-0.117429541
35807_at,0.100420372
35808_at,-0.185765631
35809_g_at,-0.204438262
35810_at,0.22402669
35811_at,-0.384408493
35812_at,0.115106734
35813_at,0.284019016
35814_at,0.498941231
35815_at,0.024897605
35816_at,-0.239441206
35817_at,-0.407812752
35818_at,0.301066257
35819_at,0.491396038
35820_at,-0.160928228
35821_at,0.467409678
35822_at,-0.732382546
35823_at,-0.128390553
35824_at,-0.951897398
35825_s_at,-0.124348939
35826_at,-0.06943917
35827_at,0.025193106
35828_at,-0.399432739
35829_at,-1.396090286
35830_at,-0.071875103
35831_at,-0.937395756
35832_at,0.101750644
35833_at,-0.52419044
35834_at,-0.320216882
35835_at,0.18259463
35836_at,0.484821306
35837_at,0.154402645
35838_at,-0.146652615
35839_at,-0.131645013
35840_at,-0.325925774
35841_at,0.398330459
35842_at,-1.524408512
35843_at,-0.186379088
35844_at,-0.842059533
35845_at,0.021244544
35846_at,0.00783342
35847_at,0.089080569
35848_at,-0.620587393
35849_at,-0.019188884
35850_at,0.303940383
35851_g_at,0.28790845
35852_at,0.176241132
35853_at,0.030911675
35854_at,0.174423409
35855_s_at,0.078595717
35856_r_at,0.169376122
35857_at,0.137021382
35858_at,0.604217763
35859_f_at,0.157755878
35860_r_at,-0.011335907
35861_at,-0.035177677
35862_at,0.042275348
35863_g_at,-0.039650626
35864_at,0.07741477
35865_at,-0.050355844
35866_at,-0.216942423
35867_at,0.219408635
35868_at,0.125516675
35869_at,0.029557155
35870_at,-0.252875464
35871_s_at,-0.02418566
35872_at,0.356279094
35873_at,0.218358299
35874_at,-0.020695692
35875_at,-0.044996789
35876_s_at,0.044500668
35877_at,0.26148869
35878_at,-0.581298004
35879_at,0.530712694
35880_at,0.217305574
35881_at,0.014596801
35882_at,0.195770953
35883_at,0.055253403
35884_at,0.097162092
35885_at,-0.128514185
35886_at,-0.272688989
35887_at,-0.008410259
35888_at,0.130679278
35889_at,0.044640145
35890_at,0.000776227
35891_at,0.080333066
35892_at,-0.057940951
35893_s_at,0.202087105
35894_at,0.117758528
35895_at,0.089882741
35896_at,0.083000793
35897_r_at,-0.017214408
35898_at,-0.115328815
35899_at,-0.023167321
359_at,-0.67348154
35900_at,0.068717477
35901_at,0.123712694
35902_at,0.092596428
35903_at,0.226692508
35904_at,0.010223472
35905_s_at,-0.226238562
35906_at,0.314410634
35907_at,0.293166797
35908_at,0.195754521
35909_at,-0.457211522
35910_f_at,0.043071523
35911_r_at,0.01449636
35912_at,0.179963492
35913_at,-0.032118943
35914_r_at,0.066596171
35915_at,-0.097295021
35916_s_at,0.007544235
35917_at,0.060990356
35918_at,0.151078966
35919_at,0.247791682
35920_at,2.026814098
35921_at,1.106717623
35922_at,-0.608360342
35923_at,0.040280188
35924_at,-0.307362748
35925_at,0.146761998
35926_s_at,-1.27260933
35927_r_at,-0.154227442
35928_at,0.123274708
35929_s_at,0.095868755
35930_at,0.086409782
35931_at,0.288950734
35932_at,0.032342097
35933_f_at,0.217968305
35934_at,0.159275659
35935_at,0.116738305
35936_g_at,-0.228394284
35937_at,-0.006232142
35938_at,-1.117998263
35939_s_at,0.108395946
35940_at,0.327278904
35941_f_at,-0.125948575
35942_at,0.110203566
35943_s_at,0.287269951
35944_at,0.017661083
35945_at,0.170616803
35946_at,0.221161567
35947_at,-0.006035588
35948_at,0.005506194
35949_at,0.128396862
35950_at,1.229643106
35951_at,0.107405959
35952_at,0.172203636
35953_at,-0.069992212
35954_at,-0.005555093
35955_at,-0.0223069
35956_s_at,-0.036799221
35957_at,-0.032516857
35958_at,0.212806047
35959_at,-0.000609704
35960_at,0.002564805
35961_at,-0.118359334
35962_at,0.194399512
35963_at,0.471822435
35964_at,-1.030300769
35965_at,0.086944673
35966_at,-1.078598049
35967_at,0.082353898
35968_s_at,0.048059338
35969_at,0.03773188
35970_g_at,0.127247386
35971_at,0.137242083
35972_at,0.090053703
35973_at,0.014346407
35974_at,-0.048736528
35975_at,-0.053899166
35976_at,0.132349757
35977_at,-0.973845687
35978_at,-0.187438425
35979_at,0.067214453
35980_at,-0.950834006
35981_at,0.269764468
35982_at,0.351220339
35983_at,0.376323898
35984_at,0.188647395
35985_at,-0.856840343
35986_at,0.107412093
35987_g_at,0.229080378
35988_i_at,0.089511618
35989_at,0.106890134
35990_at,0.015206072
35991_at,0.523466027
35992_at,-0.104290955
35993_s_at,0.068726793
35994_at,0.224728232
35995_at,0.30987114
35996_at,0.11613011
35997_g_at,0.059549741
35998_at,0.019100143
35999_r_at,-0.133454252
360_at,0.063727757
36000_at,0.021952649
36001_at,-0.01488559
36002_at,0.483801357
36003_at,0.0321384
36004_at,0.099975362
36005_at,0.125363354
36006_at,0.018614328
36007_at,0.041270641
36008_at,0.339202633
36009_at,-0.530874969
36010_at,0.0574626
36011_at,-0.167772435
36012_at,0.198194095
36013_at,0.249023406
36014_at,-1.656647683
36015_at,0.657091576
36016_at,0.100980327
36017_at,0.358892495
36018_at,-0.48561438
36019_at,0.175894376
36020_at,0.121331684
36021_at,-0.630993173
36022_at,0.30504646
36023_at,0.141408075
36024_at,0.014403604
36025_at,-0.18826712
36026_at,0.162890936
36027_at,0.332556939
36028_at,0.150380855
36029_at,0.032758071
36030_at,-0.354526572
36031_at,0.001297895
36032_at,0.731109766
36033_at,-0.195030649
36034_at,-0.029782146
36035_at,-0.112737602
36036_at,0.790774116
36037_g_at,0.296487513
36038_r_at,0.25266345
36039_s_at,0.82578254
36040_at,0.994709282
36041_at,0.339791458
36042_at,-0.052892506
36043_at,0.133725687
36044_at,-0.507164836
36045_at,0.158543674
36046_at,0.486656283
36047_at,0.444624522
36048_at,0.066680963
36049_at,0.177495373
36050_at,-0.020377534
36051_s_at,0.111217996
36052_at,0.274067196
36053_at,0.067710916
36054_at,0.072190718
36055_at,0.111634454
36056_g_at,-0.299518326
36057_at,-0.841697326
36058_at,-0.022462624
36059_at,-1.063283211
36060_at,-0.11404041
36061_at,-0.325039749
36062_at,-0.66019458
36063_at,0.341998138
36064_at,0.4100623
36065_at,-0.223751988
36066_at,-0.278376947
36067_at,0.047822305
36068_at,-0.048031302
36069_at,-0.190689055
36070_at,-0.534870453
36071_at,0.111091658
36072_at,0.033813049
36073_at,-0.537580866
36074_at,-0.377237372
36075_at,0.005094156
36076_g_at,-0.411474318
36077_at,-0.088011994
36078_at,0.108409286
36079_at,-0.054399442
36080_at,-0.35125648
36081_s_at,0.228828395
36082_at,-0.009608195
36083_at,-0.34281302
36084_at,-0.205899461
36085_at,0.129673843
36086_at,0.173401022
36087_at,0.173773536
36088_at,0.641206911
36089_at,-0.809045805
36090_at,0.246991604
36091_at,-0.685728402
36092_at,0.455638737
36093_at,0.050955991
36094_at,0.064636965
36095_at,-0.184595991
36096_at,-0.036834791
36097_at,-0.010122735
36098_at,0.218088286
36099_at,0.095337186
361_at,-0.181493578
36100_at,-0.222022472
36101_s_at,-0.589213501
36102_at,0.271436806
36103_at,0.225257105
36104_at,0.547023468
36105_at,-0.151023885
36106_at,-0.645731688
36107_at,0.533590777
36108_at,0.286258681
36109_at,-0.165751755
36110_at,-0.058934551
36111_s_at,0.245236161
36112_r_at,0.183526058
36113_s_at,0.735872491
36114_r_at,-0.074632119
36115_at,-0.121754369
36116_at,-0.058425513
36117_at,-0.151765023
36118_at,0.055590301
36119_at,-2.828591085
36120_at,-0.015624122
36121_at,-0.071003455
36122_at,0.227966706
36123_at,-0.063516949
36124_at,0.156698751
36125_s_at,-0.046614353
36126_at,0.109232039
36127_g_at,0.269178658
36128_at,-0.571889614
36129_at,-0.216853639
36130_f_at,-0.738723453
36131_at,0.531963753
36132_at,-0.603182385
36133_at,-2.654725098
36134_at,-0.71381013
36135_at,0.590784469
36136_at,-0.224339038
36137_at,0.086808959
36138_at,-0.394726433
36139_at,-0.024275892
36140_at,0.140193394
36141_at,0.090438557
36142_at,-0.650895249
36143_at,0.170737945
36144_at,-0.081770319
36145_at,0.183078012
36146_at,-0.36097507
36147_at,-0.034113241
36148_at,-0.07322438
36149_at,-1.267052164
36150_at,0.097910243
36151_at,-0.382331411
36152_at,-0.32197907
36153_at,0.23420876
36154_at,-0.025580792
36155_at,-0.081764238
36156_at,0.125707613
36157_at,-0.018788345
36158_at,-0.390403839
36159_s_at,-0.763019798
36160_s_at,-0.319993886
36161_at,0.456016991
36162_at,-0.570997702
36163_at,0.697866956
36164_at,0.139523791
36165_at,0.121344033
36166_at,0.243059379
36167_at,0.380692907
36168_at,0.007196795
36169_at,0.424393145
36170_at,-0.250714172
36171_at,0.424966841
36172_s_at,-0.268766348
36173_r_at,-0.192190285
36174_at,0.054074651
36175_s_at,-0.576195363
36176_at,0.163174031
36177_at,0.108324477
36178_at,0.157151864
36179_at,0.018998891
36180_s_at,-0.026683215
36181_at,-0.178882536
36182_at,0.03509312
36183_at,-0.123113217
36184_at,-0.355723241
36185_at,0.138074399
36186_at,0.087044817
36187_at,-0.102423872
36188_at,0.36846061
36189_at,0.145540812
36190_at,-0.132036608
36191_at,0.825203724
36192_at,-1.452363751
36193_at,0.059263614
36194_at,-0.321537059
36195_at,0.436907751
36196_at,-0.351189219
36197_at,0.002816449
36198_at,0.123899692
36199_at,-0.077078324
362_at,-0.059913058
36200_at,-0.033544821
36201_at,0.088778079
36202_at,-0.515841223
36203_at,0.397014623
36204_at,-1.568711779
36205_at,0.205041202
36206_at,0.082710509
36207_at,-0.183683618
36208_at,-0.050877618
36209_at,0.190195038
36210_g_at,0.115473186
36211_at,-0.271530176
36212_at,-0.017484145
36213_at,0.071619491
36214_at,-0.170836159
36215_at,-0.504503729
36216_at,0.26975678
36217_at,-0.076669642
36218_g_at,0.032156364
36219_at,-0.384809926
36220_at,-0.063792827
36221_at,-0.022305039
36222_at,0.094122178
36223_at,-0.157608549
36224_g_at,-0.016990179
36225_s_at,0.000536085
36226_r_at,0.058261158
36227_at,0.103163682
36228_at,0.110010883
36229_at,-0.009133171
36230_at,0.051480208
36231_at,-0.095403293
36232_at,0.332336599
36233_at,-0.032742201
36234_at,0.17069918
36235_at,0.007852803
36236_at,-0.16778031
36237_at,-0.011023441
36238_at,0.051318953
36239_at,-1.057768834
36240_at,-0.026327762
36241_r_at,-0.325136309
36242_at,0.160398013
36243_at,0.148956687
36244_at,0.543221801
36245_at,0.134647302
36246_at,-0.040280165
36247_f_at,0.049511591
36248_at,0.089439274
36249_at,-0.173262358
36250_at,-0.018732561
36251_at,0.032321594
36252_at,-0.102933209
36253_at,0.03678602
36254_at,0.052840499
36255_at,0.17756045
36256_at,-0.036703717
36257_at,0.056053814
36258_at,0.088805338
36259_at,0.12080699
36260_at,0.107290927
36261_at,-0.028824679
36262_at,-0.664064868
36263_g_at,-0.140370527
36264_at,0.136982712
36265_at,0.102596979
36266_at,0.024785971
36267_at,0.174352043
36268_at,-0.01731255
36269_at,1.110863382
36270_at,-0.102043437
36271_at,0.193500372
36272_r_at,-0.128967089
36273_at,0.230637532
36274_at,0.004031499
36275_at,-0.35772255
36276_at,0.052885228
36277_at,-0.310395286
36278_at,-0.00482631
36279_at,-0.115675315
36280_at,0.109882765
36281_at,0.118681231
36282_at,0.122425436
36283_at,0.08034082
36284_at,0.079199969
36285_at,0.129904113
36286_at,0.039785767
36287_at,0.211864156
36288_at,-0.029532988
36289_f_at,0.006625928
36290_s_at,-0.015465669
36291_at,0.167556939
36292_at,-0.034207768
36293_at,0.286490851
36294_at,0.239669181
36295_at,-0.047931301
36296_at,0.195554867
36297_at,0.147102631
36298_at,0.049586807
36299_at,0.098586756
363_at,0.019098424
36300_at,0.092766319
36301_at,0.020687329
36302_f_at,0.304136001
36303_f_at,-0.162710744
36304_at,-0.000415842
36305_at,0.169599991
36306_at,0.127949013
36307_at,0.150588876
36308_at,-1.11106482
36309_at,0.087127542
36310_at,0.007318937
36311_at,-0.053700114
36312_at,-0.109028215
36313_at,-0.222315196
36314_at,0.034071477
36315_i_at,0.095070748
36316_r_at,0.033397215
36317_at,0.505699318
36318_at,-0.294133856
36319_at,-1.106338179
36320_at,0.063979822
36321_at,-0.123541607
36322_at,0.100005753
36323_at,0.077471818
36324_at,0.19428895
36325_at,0.18977382
36326_at,0.076360261
36327_at,-0.040185518
36328_at,-0.017272121
36329_at,0.034587486
36330_at,-0.096588131
36331_at,0.149918287
36332_at,0.085796169
36333_at,0.21438878
36334_at,0.042307893
36335_at,0.283732089
36336_s_at,-0.221045357
36337_at,0.000245449
36338_at,-0.132993957
36339_at,0.273159176
36340_at,-0.02375737
36341_s_at,-0.109137654
36342_r_at,0.06836015
36343_at,0.109271025
36344_at,-0.085885722
36345_g_at,-0.144716324
36346_at,0.146681935
36347_f_at,1.365300401
36348_r_at,0.049397119
36349_at,0.19631838
36350_at,0.026341349
36351_at,-0.049402356
36352_at,0.020793195
36353_at,0.145462321
36354_at,0.062578027
36355_at,0.1960915
36356_at,-0.033491007
36357_at,0.223768903
36358_at,0.275542952
36359_at,0.149131472
36360_at,0.058112144
36361_at,0.212742864
36362_at,-0.29859465
36363_at,0.582146494
36364_at,-0.078228724
36365_at,-0.016092997
36366_at,0.135211664
36367_at,0.076675119
36368_at,-0.00242767
36369_at,-0.177791576
36370_at,-0.005799048
36371_at,-0.047623366
36372_at,0.06612655
36373_at,0.15668973
36374_at,0.009549673
36375_at,0.159869502
36376_at,-0.122360127
36377_at,0.196895319
36378_at,0.053968233
36379_at,0.048275911
36380_at,0.059462932
36381_at,0.107973584
36382_at,-0.124681547
36383_at,0.03235435
36384_at,0.062907771
36385_at,-0.048479501
36386_at,-0.379773576
36387_at,0.288849478
36388_at,0.11366831
36389_at,-0.044946221
36390_at,0.155948558
36391_at,0.029078905
36392_at,-0.053644306
36393_at,0.011477216
36394_at,0.18386152
36395_at,-0.080233473
36396_at,0.035223633
36397_at,0.099937488
36398_at,-0.043381693
36399_at,0.042884683
364_s_at,-0.07720065
36400_at,-0.014829341
36401_at,0.123944726
36402_at,0.092206364
36403_s_at,0.179404688
36404_at,0.062522381
36405_s_at,-0.116195818
36406_at,0.076281024
36407_at,0.056627649
36408_at,-0.047096408
36409_f_at,2.158390092
36410_f_at,0.23511606
36411_s_at,0.050046482
36412_s_at,-0.041684599
36413_at,0.035090214
36414_s_at,-0.265280353
36415_at,0.089267205
36416_g_at,0.130521756
36417_s_at,0.253029861
36418_at,0.186449308
36419_at,0.459142232
36420_at,0.257666234
36421_at,0.325245055
36422_s_at,0.000308987
36423_at,-0.152230359
36424_at,-0.116146241
36425_at,0.128311564
36426_g_at,0.0374625
36427_at,0.06205396
36428_at,0.079903111
36429_at,-4.62E-06
36430_at,0.131853316
36431_at,0.139324041
36432_at,-0.231674341
36433_at,0.059397458
36434_r_at,-0.105458326
36435_at,0.149947107
36436_at,0.106238447
36437_s_at,0.398482401
36438_at,-0.204433009
36439_at,0.138248411
36440_at,-0.021935265
36441_at,0.181064116
36442_g_at,0.178676881
36443_at,0.065038966
36444_s_at,0.317790769
36445_at,0.123329317
36446_s_at,0.232312823
36447_at,0.036350797
36448_at,-0.310604033
36449_s_at,0.081955764
36450_at,0.183329598
36451_at,-0.23138369
36452_at,-0.177523037
36453_at,-0.365160739
36454_at,-1.139301955
36455_at,-1.046906097
36456_at,-0.005586498
36457_at,0.53036969
36458_at,0.046579618
36459_at,0.080293778
36460_at,0.660276177
36461_at,0.081421766
36462_at,0.062287447
36463_at,0.073799566
36464_at,0.087736614
36465_at,-0.05892178
36466_at,0.047739687
36467_g_at,-0.037625411
36468_at,-0.032065366
36469_at,-0.01134677
36470_s_at,-0.057498408
36471_f_at,-0.003148782
36472_at,0.414467563
36473_at,0.329113035
36474_at,-0.095155606
36475_at,0.413139226
36476_at,0.099489456
36477_at,1.776603899
36478_at,0.006326438
36479_at,-0.039986777
36480_at,-0.016641623
36481_at,-0.068842203
36482_s_at,0.219737599
36483_at,-0.060077886
36484_at,0.021464624
36485_at,-0.119046779
36486_at,-0.177681244
36487_at,-0.024322084
36488_at,-0.083977225
36489_at,-0.057258342
36490_s_at,0.017794516
36491_at,-1.346398681
36492_at,0.394578318
36493_at,-0.528195445
36494_at,-0.178797343
36495_at,-0.499996249
36496_at,-0.990830223
36497_at,-0.667929509
36498_at,0.018383091
36499_at,-0.475056374
365_at,0.095325899
36500_at,0.328855492
36501_at,-0.030094906
36502_at,-1.145305736
36503_at,0.190157958
36504_at,0.341561565
36505_at,0.179179125
36506_at,-0.076499786
36507_at,0.025152836
36508_at,-0.571987062
36509_at,-0.407619782
36510_at,0.135629974
36511_at,0.056573115
36512_at,0.088719669
36513_at,0.085220839
36514_at,0.021233361
36515_at,0.035669698
36516_at,0.207064945
36517_at,0.273225551
36518_at,0.141831819
36519_at,0.142468706
36520_at,0.398136916
36521_at,-1.086988106
36522_at,-0.026927127
36523_at,0.033801241
36524_at,-0.081017603
36525_at,-0.170714547
36526_at,-0.149902131
36527_at,0.33864219
36528_at,0.275688652
36529_at,0.063603154
36530_g_at,-0.149174846
36531_r_at,0.174876981
36532_at,-0.013772008
36533_at,-0.301731819
36534_at,0.034639514
36535_at,0.236713299
36536_at,-0.61941301
36537_at,-0.470996463
36538_at,-0.392150429
36539_at,0.17623982
36540_at,-0.224537318
36541_at,0.061125458
36542_at,-0.01611926
36543_at,-0.738351796
36544_at,0.034002442
36545_s_at,-0.241410417
36546_r_at,0.088353859
36547_r_at,-0.134607613
36548_at,-0.099940812
36549_at,0.385891524
36550_at,-1.005441474
36551_at,0.51464227
36552_at,-0.27502067
36553_at,-0.054630403
36554_at,-0.099240851
36555_at,0.276437968
36556_at,0.083057656
36557_at,-0.009175093
36558_at,0.026915254
36559_g_at,0.296363545
36560_at,0.196708083
36561_at,0.577082584
36562_at,0.041095528
36563_at,-0.118709781
36564_at,0.042533683
36565_at,0.382747927
36566_at,-0.005807944
36567_at,0.113281541
36568_at,0.127993951
36569_at,-0.042100973
36570_at,0.644512479
36571_at,0.064122422
36572_r_at,-0.16301938
36573_at,-0.025246242
36574_at,-0.091779425
36575_at,0.014227144
36576_at,0.049807541
36577_at,-1.263091564
36578_at,-0.243402709
36579_at,-0.113518478
36580_at,0.106479664
36581_at,0.210236468
36582_g_at,0.216236159
36583_at,-0.117442896
36584_at,-1.723522364
36585_at,-0.559313813
36586_at,-0.034387695
36587_at,-0.130934858
36588_at,-0.175999357
36589_at,-1.255974567
36590_at,-0.121243622
36591_at,0.33168683
36592_at,0.131467935
36593_at,0.10214351
36594_s_at,0.044212183
36595_s_at,-0.001203779
36596_r_at,-0.040424752
36597_at,0.271644431
36598_s_at,-0.115959081
36599_at,-0.045544943
366_s_at,0.390674078
36600_at,-0.411331205
36601_at,0.314613931
36602_at,0.332339894
36603_at,0.416927903
36604_at,0.133528376
36605_at,-0.050708623
36606_at,-1.604539125
36607_at,0.002579189
36608_at,0.150951771
36609_at,-0.071893605
36610_at,0.058667299
36611_at,0.02713435
36612_at,-0.426081494
36613_at,0.036409518
36614_at,-0.030856978
36615_at,-0.126012859
36616_at,-0.054111727
36617_at,-0.525520398
36618_g_at,-0.47052289
36619_r_at,-0.170995843
36620_at,0.459363433
36621_at,-2.318229706
36622_at,-2.463634057
36623_at,-0.051173456
36624_at,0.044161931
36625_at,-0.726675146
36626_at,-0.125186931
36627_at,0.127400052
36628_at,0.268321968
36629_at,-0.596728602
36630_at,-0.047521392
36631_at,0.101022025
36632_at,-0.000457744
36633_at,-0.152732417
36634_at,-0.486258629
36635_at,0.283430782
36636_at,0.478654327
36637_at,0.274076738
36638_at,-1.928462819
36639_at,0.072336625
36640_at,0.114355797
36641_at,0.00034178
36642_at,0.149186721
36643_at,-0.340845296
36644_at,-0.274679911
36645_at,-0.172458933
36646_at,0.410669404
36647_at,-0.017937134
36648_at,0.046700787
36649_at,0.516581464
36650_at,-0.411339623
36651_at,-0.167579051
36652_at,0.053533466
36653_g_at,0.178091094
36654_s_at,-0.064978897
36655_at,-0.308498835
36656_at,0.146483189
36657_at,-0.515342842
36658_at,-0.226947166
36659_at,-0.745857275
36660_at,0.212127268
36661_s_at,0.065013759
36662_at,-0.048462928
36663_at,0.138081178
36664_at,0.194824303
36665_at,0.266527908
36666_at,-0.295563222
36667_at,-0.669033873
36668_at,-0.508220045
36669_at,-0.027002525
36670_at,0.062024114
36671_at,0.992746562
36672_at,-0.178501326
36673_at,-0.368216279
36674_at,0.108725373
36675_r_at,-0.203149179
36676_at,-0.066684508
36677_at,0.043134469
36678_at,-0.004618106
36679_at,-0.301568631
36680_at,0.176374573
36681_at,-0.074311121
36682_at,-0.053701293
36683_at,-0.082783748
36684_at,0.155355411
36685_at,0.148347106
36686_at,-0.24004036
36687_at,0.706550778
36688_at,0.169509661
36689_at,-0.375607644
36690_at,-0.212708369
36691_at,0.015418096
36692_at,0.026475136
36693_at,0.057121492
36694_at,-0.23157164
36695_at,0.006074599
36696_at,0.278367322
36697_g_at,0.11464331
36698_at,0.066891813
36699_at,-0.146441194
367_at,0.161450961
36700_at,0.141435668
36701_at,0.145155919
36702_at,0.128180513
36703_at,0.063155291
36704_at,0.143425695
36705_at,0.197819383
36706_at,0.105031376
36707_s_at,-0.031877705
36708_at,-0.457894989
36709_at,0.158039012
36710_at,0.006107857
36711_at,-0.68635544
36712_at,-0.041651613
36713_at,0.484674959
36714_at,0.01218681
36715_at,0.139089459
36716_at,0.020353028
36717_at,0.631513638
36718_s_at,-0.340953669
36719_r_at,-0.336784057
36720_at,-0.197904732
36721_s_at,0.01731221
36722_s_at,-0.027509523
36723_at,0.085519541
36724_s_at,0.177826825
36725_at,0.161545248
36726_at,0.244251543
36727_at,0.362441466
36728_at,0.027002768
36729_g_at,0.106564876
36730_at,0.145654878
36731_g_at,0.207811373
36732_at,0.133182878
36733_at,-0.239972672
36734_at,0.090188379
36735_f_at,0.056975063
36736_f_at,0.028349345
36737_at,0.17599289
36738_at,0.079442182
36739_at,-0.167649315
36740_at,0.058851164
36741_at,0.272926298
36742_at,-0.033052869
36743_at,0.117561625
36744_at,-0.132238585
36745_at,0.078124182
36746_s_at,0.029883908
36747_at,0.13709022
36748_at,0.285189853
36749_at,-0.105890561
36750_at,0.156130323
36751_at,0.139212961
36752_at,0.278674249
36753_at,0.275309024
36754_at,0.024314621
36755_s_at,-0.026007106
36756_at,0.263865874
36757_at,1.088636304
36758_at,0.167151301
36759_at,-0.035282928
36760_at,-0.073077068
36761_at,0.021942275
36762_at,0.260475413
36763_at,0.080940084
36764_at,0.082779426
36765_at,0.023429018
36766_at,0.022898846
36767_at,0.098605773
36768_at,0.097609222
36769_at,0.382479262
36770_at,-0.273018966
36771_at,0.026063194
36772_at,0.025002113
36773_f_at,-0.076499687
36774_f_at,0.019237456
36775_f_at,0.084420117
36776_at,0.083373223
36777_at,-0.189657576
36778_at,-0.047146218
36779_at,0.04534467
36780_at,-1.755177019
36781_at,-2.245852511
36782_s_at,-0.041324983
36783_f_at,-0.107150612
36784_at,0.2958748
36785_at,-0.535670048
36786_at,0.229693653
36787_at,1.189166495
36788_at,0.186542835
36789_f_at,0.041803971
36790_at,-0.890713577
36791_g_at,-0.707805259
36792_at,-0.668748729
36793_at,-0.080801638
36794_at,0.082597483
36795_at,-0.058337124
36796_at,0.763959386
36797_at,0.045572921
36798_g_at,0.598418631
36799_at,-0.331831174
368_at,-0.634956093
36800_at,-0.069024024
36801_at,0.195955268
36802_at,0.266626192
36803_at,0.056070883
36804_at,-0.045026373
36805_s_at,0.358616732
36806_at,0.027177693
36807_at,-0.011933299
36808_at,-0.226290219
36809_at,0.173428258
36810_at,0.232447762
36811_at,-1.987452979
36812_at,-0.295221936
36813_at,0.147869094
36814_at,-0.330946662
36815_at,0.004851928
36816_s_at,0.191175908
36817_at,0.050698234
36818_at,0.184927772
36819_at,-0.135395492
36820_r_at,-0.03743015
36821_at,-0.377603343
36822_at,0.415584477
36823_at,0.042493035
36824_at,0.121061533
36825_at,-0.147185616
36826_at,0.084314958
36827_at,0.065343162
36828_at,0.151437714
36829_at,0.056070079
36830_at,0.062562822
36831_at,0.040674248
36832_at,-0.046425135
36833_at,0.028525073
36834_at,-0.448778486
36835_at,0.020907081
36836_at,-0.064990473
36837_at,0.322067794
36838_at,0.098148943
36839_at,0.111465141
36840_at,0.309140173
36841_at,-0.036854032
36842_at,-0.040822482
36843_at,0.261122156
36844_at,-0.007145156
36845_at,0.172122347
36846_s_at,0.661668678
36847_r_at,0.533387028
36848_r_at,0.176601502
36849_at,-0.834421476
36850_at,0.001074657
36851_g_at,0.270985385
36852_at,0.21352746
36853_at,0.196595633
36854_s_at,0.14727244
36855_r_at,0.15007091
36856_at,0.034029436
36857_at,0.615985189
36858_at,0.121408346
36859_at,0.23969309
36860_at,0.048371548
36861_at,-0.483778651
36862_at,0.097314094
36863_at,0.158207231
36864_at,0.218423022
36865_at,0.065681632
36866_at,0.119897821
36867_at,-0.105385929
36868_at,0.224528173
36869_at,0.008243218
36870_at,0.019059458
36871_at,0.459042608
36872_at,-0.091221229
36873_at,-1.15838161
36874_at,-0.173253884
36875_at,-0.059632904
36876_at,0.523140907
36877_at,0.17377767
36878_f_at,-0.100176577
36879_at,-0.035901532
36880_at,0.473196503
36881_at,0.008969203
36882_at,0.004792468
36883_at,-0.038496757
36884_at,0.40112489
36885_at,0.391594075
36886_f_at,0.074865752
36887_f_at,0.183761341
36888_at,0.094728719
36889_at,0.143333387
36890_at,-0.333808422
36891_at,0.104209948
36892_at,-0.141071042
36893_at,-0.117272911
36894_at,-0.026735537
36895_at,0.22267103
36896_s_at,-0.119855737
36897_at,0.07348263
36898_r_at,-0.054558839
36899_at,-0.949077229
369_s_at,-0.283628106
36900_at,0.095260234
36901_at,-0.391575741
36902_at,0.408598452
36903_at,-0.297953947
36904_at,0.055610512
36905_at,0.09369864
36906_at,0.420987753
36907_at,0.042887022
36908_at,0.007921773
36909_at,0.178161054
36910_at,0.002368759
36911_at,-0.679924786
36912_at,0.183704292
36913_at,0.560845003
36914_at,0.273380969
36915_at,-0.074837442
36916_at,-0.313370344
36917_at,0.433773764
36918_at,0.119424039
36919_r_at,-0.01659672
36920_at,0.088250669
36921_at,-0.869994753
36922_at,-0.114746586
36923_at,0.178024158
36924_r_at,-0.221444341
36925_at,-0.537531917
36926_at,0.19189869
36927_at,0.011905359
36928_at,0.264027191
36929_at,-0.214695779
36930_at,0.605515473
36931_at,-0.150363328
36932_at,-0.014267098
36933_at,-1.512111255
36934_at,-0.000540647
36935_at,-0.715661888
36936_at,0.27936021
36937_s_at,0.186191052
36938_at,-0.108187416
36939_at,0.004238941
36940_at,0.01524724
36941_at,0.32155483
36942_at,-0.053833024
36943_r_at,0.511254733
36944_f_at,0.242025288
36945_at,0.156402135
36946_at,0.168929389
36947_s_at,0.037676824
36948_at,0.17993851
36949_at,0.064468441
36950_at,-0.273692662
36951_at,0.058696015
36952_at,0.227465665
36953_at,-0.07320125
36954_at,0.126085353
36955_at,-0.015923808
36956_at,0.040352483
36957_at,0.660629269
36958_at,-0.276332768
36959_at,-0.025825024
36960_at,-0.256418588
36961_at,0.19156318
36962_at,-0.122056253
36963_at,0.423033973
36964_at,-0.187025051
36965_at,-0.281603999
36966_at,0.188370761
36967_g_at,0.268289564
36968_s_at,0.50096815
36970_at,0.125176275
36971_at,-0.221806872
36972_at,0.035426275
36973_at,-0.047567306
36974_at,-0.005428324
36975_at,-0.147378135
36976_at,-0.821687659
36977_at,-0.023804234
36978_at,0.253133142
36979_at,-0.621134248
36980_at,-0.725182279
36981_at,0.194662037
36982_at,0.228890583
36983_f_at,-0.311066809
36984_f_at,-0.57869121
36985_at,0.040346315
36986_at,0.033342045
36987_at,-0.170282647
36988_at,-0.254188851
36989_at,-0.878850043
36990_at,-0.273272178
36991_at,0.104645938
36992_at,0.27389365
36993_at,-0.065157135
36994_at,-0.085352728
36995_at,-0.950840023
36996_at,-0.297722905
36997_at,0.136713482
36998_s_at,-0.099270685
36999_at,0.049930983
370_at,0.016923329
37000_at,0.550218225
37001_at,-0.085709839
37002_at,1.198650998
37003_at,-0.006328273
37004_at,0.069326953
37005_at,-0.37933175
37006_at,-2.362490065
37007_at,-0.301925402
37008_r_at,-1.238291028
37009_at,0.50077919
37010_at,0.381654599
37011_at,0.151163764
37012_at,-0.185341399
37013_at,0.131207953
37014_at,0.077099068
37015_at,-0.23922128
37016_at,0.112048255
37017_at,-0.179542545
37018_at,1.655839393
37019_at,-1.460038169
37020_at,0.155350443
37021_at,0.135594892
37022_at,0.108947977
37023_at,0.013075575
37024_at,-2.016189823
37025_at,-1.323683869
37026_at,-0.382695545
37027_at,-0.8663923
37028_at,0.156622168
37029_at,0.610996817
37030_at,0.04893917
37031_at,-0.107417799
37032_at,-1.015836119
37033_s_at,-1.004823769
37034_at,-0.09433015
37035_at,0.099051552
37036_at,0.099197058
37037_at,-0.687150358
37038_at,-0.565718658
37039_at,-0.028102893
37040_at,-0.240385282
37041_at,-0.032788336
37042_at,-0.242730226
37043_at,-0.614490058
37044_at,-0.006135743
37045_at,0.135927515
37046_at,0.608770384
37047_at,-0.102730839
37048_at,-0.149667483
37049_g_at,-0.039794858
37050_r_at,0.134515677
37051_at,0.010043279
37052_at,0.308463067
37053_at,0.238061542
37054_at,0.168346584
37055_at,-0.124890964
37056_at,0.364167127
37057_s_at,0.002624106
37058_at,0.092601799
37059_at,0.040176081
37060_at,0.142165271
37061_at,0.041021922
37062_at,-0.061022908
37063_r_at,0.03708653
37064_at,-0.031583813
37065_f_at,1.11182528
37066_at,0.102833987
37067_at,-0.084554134
37068_at,0.080461586
37069_at,0.159478198
37070_at,-0.042168251
37071_at,0.133291663
37072_at,0.000575404
37073_at,-0.185572505
37074_at,-0.116551842
37075_at,-0.033453492
37076_at,-0.019038725
37077_at,0.491365564
37078_at,-0.38919451
37079_at,0.046178223
37080_at,0.025114243
37081_at,0.127754628
37082_at,0.08698752
37083_s_at,0.228764046
37084_at,0.076194348
37085_g_at,0.031430254
37086_at,0.194917488
37087_at,0.035475572
37088_at,0.148012182
37089_at,0.227215762
37090_at,0.231781329
37091_g_at,0.042850852
37092_at,-0.007192123
37093_at,0.196529623
37094_at,0.089139256
37095_r_at,-0.144252937
37096_at,-0.233036478
37097_at,0.003504844
37098_at,0.444160546
37099_at,-0.059308791
371_at,0.081609075
37100_at,0.015873208
37101_at,0.120106146
37102_at,0.009102146
37103_at,0.104484408
37104_at,-0.017390428
37105_at,-0.162502294
37106_at,-0.425473573
37107_at,-0.344311877
37108_at,0.434535801
37109_at,0.035498081
37110_at,0.169837176
37111_g_at,-0.075162822
37112_at,0.008628837
37113_at,0.12589897
37114_at,-0.251899135
37115_at,-0.02947314
37116_at,0.235490463
37117_at,-0.260361406
37118_at,-0.109536202
37119_at,0.327847011
37120_at,0.124518314
37121_at,0.07550444
37122_at,0.244785393
37123_at,0.186947513
37124_i_at,0.188713116
37125_f_at,0.242121086
37126_at,0.089510318
37127_at,0.257706734
37128_at,-0.057672254
37129_at,0.050213382
37130_g_at,0.057485742
37131_at,-0.010517081
37132_at,-0.00209023
37133_at,0.114419151
37134_f_at,0.013509311
37135_f_at,0.145154504
37136_at,-0.160539962
37137_at,0.084991314
37138_at,-0.010583898
37139_at,-0.102027874
37140_s_at,0.146303318
37141_at,-1.476544451
37142_at,-0.276960062
37143_s_at,0.199956293
37144_at,0.04428504
37145_at,0.233420402
37146_at,0.008183457
37147_at,0.148274463
37148_at,0.165669641
37149_s_at,0.022746808
37150_at,0.067697308
37151_at,0.038761973
37152_at,-0.326915625
37153_at,0.148920515
37154_at,0.050238884
37155_at,0.03925716
37156_at,-0.129986145
37157_at,0.111681009
37158_at,0.085251947
37159_at,0.077532944
37160_at,0.002203714
37161_at,-0.334717224
37162_at,0.102036513
37163_at,-0.139583697
37164_at,0.375782802
37165_f_at,0.238605378
37166_at,-0.00359488
37167_at,0.099929211
37168_at,0.156712759
37169_at,0.132772403
37170_at,1.241369507
37171_at,-0.173290636
37172_at,0.062442725
37173_at,0.310730007
37174_at,0.370655588
37175_at,-0.16465009
37176_at,-0.271458353
37177_at,0.25988492
37178_at,-0.04544539
37179_at,1.303413982
37180_at,0.011467999
37181_at,-0.075403162
37182_at,0.04933124
37183_at,-0.02694975
37184_at,0.099895891
37185_at,-0.797594829
37186_s_at,0.00881384
37187_at,0.054314818
37188_at,0.229333114
37189_at,-0.051985845
37190_at,-0.174618539
37191_at,0.091156207
37192_at,0.002260699
37193_at,0.168053487
37194_at,1.002864978
37195_at,0.085792124
37196_at,0.010109079
37197_s_at,0.331465679
37198_r_at,0.084880177
37199_at,0.313639114
372_f_at,0.017202324
37200_at,0.024312676
37201_at,0.121637604
37202_at,-1.035717333
37203_at,-0.545920749
37204_at,-0.245665677
37205_at,-0.17447009
37206_at,0.010967878
37207_at,-0.126273595
37208_at,-0.03637517
37209_g_at,0.134499753
37210_at,-0.024118844
37211_at,-0.188422608
37212_at,-0.136779467
37213_at,0.049762069
37214_g_at,0.070182148
37215_at,-1.066769085
37216_at,-0.123974736
37217_at,0.452662469
37218_at,-0.167742813
37219_at,0.274658406
37220_at,0.268736834
37221_at,1.309420228
37222_at,0.115362808
37223_at,-0.149508316
37224_at,0.218780427
37225_at,-1.147622105
37226_at,0.120335215
37227_at,0.242675881
37228_at,-0.052961533
37229_at,-0.264452552
37230_at,0.265153018
37231_at,0.203095578
37232_at,-0.002522304
37233_at,0.017573793
37234_at,0.138753065
37235_g_at,0.003621623
37236_at,0.245561024
37237_at,0.011991429
37238_s_at,0.137562462
37239_r_at,0.122421234
37240_at,-0.046938867
37241_at,-0.62980662
37242_at,-0.770779209
37243_at,0.070380804
37244_at,0.419730213
37245_at,0.195216007
37246_at,-0.020096533
37247_at,0.12856265
37248_at,-0.142109508
37249_at,-0.312091646
37250_at,0.477266072
37251_s_at,-0.796413638
37252_at,0.011219649
37253_at,0.990912721
37254_at,-0.123685693
37255_at,0.164219651
37256_at,0.160346547
37257_at,-0.062197308
37258_at,-0.302753821
37259_at,0.10087874
37260_at,0.246271486
37261_g_at,0.155568878
37262_at,0.251246325
37263_at,0.23866217
37264_at,-0.207059998
37265_at,-0.094345313
37266_at,0.054961671
37267_at,-0.01808833
37268_at,-0.130963451
37269_at,0.137150536
37270_at,0.130998329
37271_at,-0.370468187
37272_at,-0.631835796
37273_at,0.162529808
37274_at,-0.077582701
37275_at,-0.002325756
37276_at,-0.236725659
37277_at,0.052617251
37278_at,-0.044767925
37279_at,-0.880842549
37280_at,-0.436676856
37281_at,0.143721486
37282_at,0.497009458
37283_at,-1.345753109
37284_at,0.021817518
37285_at,0.325728746
37286_at,-0.646265115
37287_at,0.077354029
37288_g_at,-0.004139962
37289_at,0.063264802
37290_at,0.043090546
37291_r_at,-0.031880745
37292_at,-0.140386365
37293_at,0.114371184
37294_at,-0.426971405
37295_at,0.283590763
37296_at,0.006150617
37297_at,0.204121389
37298_at,-0.255810768
37299_at,-0.329430492
373_at,0.16731073
37300_at,-0.226964956
37301_at,0.298723102
37302_at,-0.205456823
37303_at,-0.323782858
37304_at,-0.5164293
37305_at,0.442670594
37306_at,-0.173568181
37307_at,-0.596817872
37308_at,-0.315872568
37309_at,-0.256420039
37310_at,-0.849704867
37311_at,0.591194048
37312_at,-0.008859834
37313_at,0.131607457
37314_at,0.248984458
37315_f_at,-0.092094399
37316_r_at,-0.103976142
37317_at,-0.001874965
37318_at,-0.236138454
37319_at,-2.493193428
37320_at,0.242849065
37321_at,0.176068031
37322_s_at,0.20203292
37323_r_at,0.240291967
37324_at,0.012155559
37325_at,0.184681026
37326_at,-0.189359157
37327_at,-0.427761642
37328_at,0.069315312
37329_at,0.302549584
37330_at,-0.041637034
37331_g_at,0.07819159
37332_r_at,-0.261651925
37333_at,0.106969683
37334_at,0.029118811
37335_at,0.262567746
37336_at,-0.220907867
37337_at,0.662842672
37338_at,-0.166946912
37339_at,-0.201294542
37340_at,0.002831775
37341_at,-0.199257797
37342_s_at,-0.07379265
37343_at,-0.344050312
37344_at,-0.086391988
37345_at,-0.200394268
37346_at,-0.030173466
37347_at,0.201681202
37348_s_at,-0.212684916
37349_r_at,0.202889313
37350_at,0.033044583
37351_at,-0.720065829
37352_at,0.032151237
37353_g_at,0.34253693
37354_at,0.2427561
37355_at,0.164685553
37356_r_at,0.04803019
37357_at,0.259037642
37358_at,-0.227608989
37359_at,0.048555482
37360_at,-0.220634526
37361_at,-0.120041213
37362_at,-0.194615506
37363_at,-0.675894417
37364_at,0.071325531
37365_at,-0.106241782
37366_at,0.331502813
37367_at,0.308462808
37368_at,0.147542215
37369_s_at,-0.032422117
37370_i_at,0.083757032
37371_at,0.0657789
37372_at,0.176307632
37373_at,-0.19218324
37374_at,-1.117307617
37375_at,-0.090764537
37376_at,0.356736225
37377_i_at,0.022545528
37378_r_at,-0.047309171
37379_at,0.509572763
37380_at,0.166389973
37381_g_at,0.279564335
37382_at,0.219581437
37383_f_at,-1.708487344
37384_at,0.623339261
37385_at,0.546676912
37386_i_at,-0.138728857
37387_r_at,-0.165919118
37388_at,-0.403882262
37389_at,0.140692014
37390_at,0.050466293
37391_at,-0.350938767
37392_at,0.197756917
37393_at,-0.140913892
37394_at,0.099852857
37395_at,0.482665809
37396_at,0.186743684
37397_at,0.237012529
37398_at,0.358411225
37399_at,-0.526820704
374_f_at,0.026819589
37400_at,-0.031336594
37401_g_at,-0.016243879
37402_at,0.667039523
37403_at,0.656188597
37404_at,0.11928006
37405_at,0.186318561
37406_at,0.051479735
37407_s_at,0.349742035
37408_at,-0.207517481
37409_at,0.065885422
37410_at,-0.006538079
37411_at,-0.031682054
37412_at,0.419236579
37413_at,0.009108911
37414_at,0.067785717
37415_at,-0.038251553
37416_at,-0.306587941
37417_at,-0.004363187
37418_at,0.134681118
37419_g_at,0.069854337
37420_i_at,-0.204180624
37421_f_at,-0.51907883
37422_at,-0.738038041
37423_at,0.035562269
37424_at,0.170638322
37425_g_at,-0.106838707
37426_at,-0.692239868
37427_at,0.176375566
37428_at,0.074257105
37429_g_at,-0.130424163
37430_at,0.101345652
37431_at,0.335620924
37432_g_at,-0.004620265
37433_at,0.020510528
37434_at,-0.006400471
37435_s_at,0.037812956
37436_at,0.335590705
37437_at,-0.458220787
37438_at,0.050977607
37439_at,0.114724984
37440_at,0.088157631
37441_at,-0.017969069
37442_at,-0.287617828
37443_at,0.05676231
37444_at,0.020679271
37445_at,0.24407859
37446_at,-0.013671468
37447_at,0.081751392
37448_s_at,-0.570973779
37449_i_at,-0.798427047
37450_r_at,-0.670625281
37451_at,-0.005299514
37452_at,0.033525051
37453_at,-0.110729319
37454_at,0.090605818
37455_at,0.023820869
37456_at,0.018632462
37457_at,-0.071614085
37458_at,0.795287019
37459_at,0.025528788
37460_at,-0.010685237
37461_at,0.203716455
37462_i_at,-0.059762658
37463_r_at,-0.055490357
37464_at,0.048741428
37465_at,0.086660378
37466_at,-0.038143234
37467_at,0.283774189
37468_at,0.547922901
37469_at,0.125654596
37470_at,-0.000418661
37471_at,0.407200504
37472_at,0.042131138
37473_at,0.069358593
37474_at,0.671292755
37475_at,-0.080718715
37476_at,0.258976156
37477_at,-0.012142073
37478_at,0.016738769
37479_at,0.020649679
37480_at,0.008576537
37481_at,0.252010232
37482_at,-0.148086207
37483_at,-0.435915379
37484_at,-0.490052358
37485_at,0.264223128
37486_f_at,-0.499240677
37487_at,0.004555729
37488_at,0.011545503
37489_s_at,-0.008500887
37490_at,0.070293207
37491_at,0.228734056
37492_at,0.002580473
37493_at,-0.141451542
37494_at,-0.046249547
37495_at,0.241078118
37496_at,0.08716287
37497_at,1.001082188
37498_at,-0.017498589
37499_at,-0.052073115
375_at,0.172078662
37500_at,0.32779639
37501_at,0.3782551
37502_at,0.15213015
37503_at,0.135140076
37504_at,-0.219791329
37505_at,-0.375337463
37506_at,0.92145784
37507_i_at,0.705738802
37508_f_at,0.454605627
37509_at,0.312180649
37510_at,0.14242593
37511_at,0.144945181
37512_at,-0.174689233
37513_at,-0.73406897
37514_s_at,0.025706787
37515_at,0.050163065
37516_at,0.088614876
37517_at,-0.172093301
37518_at,-0.115950064
37519_at,-0.279441347
37520_at,0.34614651
37521_s_at,0.392665606
37522_r_at,0.20018893
37523_at,0.189534537
37524_at,-0.288947902
37525_at,0.18105564
37526_at,0.032334929
37527_at,-0.080139709
37528_at,-0.152289667
37529_at,-0.089814172
37530_s_at,0.619430648
37531_at,-0.03030981
37532_at,0.450016441
37533_r_at,-0.115186159
37534_at,-1.245960795
37535_at,-0.141166821
37536_at,-0.129524244
37537_at,-0.183334489
37538_at,-0.146563953
37539_at,-0.417705542
37540_at,0.010431621
37541_at,0.078861326
37542_at,-0.498672312
37543_at,0.027636802
37544_at,-0.328031798
37545_at,-0.210945188
37546_r_at,-0.124228908
37547_at,0.198133298
37548_at,0.049693172
37549_g_at,-0.146239866
37550_at,-0.077972316
37551_at,0.04492057
37552_at,0.319636339
37553_at,-0.094183784
37554_at,-0.05054527
37555_at,0.393130934
37556_at,0.206123772
37557_at,0.293573207
37558_at,-0.182749939
37559_at,0.095995089
37560_at,-0.174007312
37561_at,-0.058609876
37562_at,0.037195027
37563_at,0.15203197
37564_at,0.111804743
37565_at,-0.809513169
37566_at,-0.025843994
37567_at,0.021289321
37568_at,0.11680141
37569_at,0.096064317
37570_at,0.070314185
37571_at,-0.112454303
37572_at,0.113554948
37573_at,-0.186902862
37574_at,-0.044040712
37575_at,0.028735218
37576_at,-1.221378964
37577_at,0.403636027
37578_at,-0.434427965
37579_at,-0.368478326
37580_at,0.334471913
37581_at,0.1552285
37582_at,-0.130358543
37583_at,-0.278561613
37584_at,-0.202920798
37585_at,0.383502639
37586_at,0.004600026
37587_at,0.117284059
37588_s_at,0.079124358
37589_at,0.087041181
37590_g_at,0.02580737
37591_at,0.161096458
37592_at,0.234827032
37593_at,-0.115965006
37594_at,0.197922025
37595_at,0.060516626
37596_at,0.231741317
37597_s_at,-0.010164241
37598_at,-0.433193663
37599_at,-0.109873976
376_at,-1.741829245
37600_at,0.149354174
37601_at,0.157562485
37602_at,0.03246354
37603_at,-0.210612989
37604_at,-0.551235144
37605_at,0.04835988
37606_at,0.383062255
37607_at,0.057256447
37608_g_at,0.009128203
37609_at,0.140647939
37610_at,0.287964329
37611_at,-1.244108466
37612_at,0.261393886
37613_at,0.169594296
37614_g_at,-1.209452947
37615_at,0.334474574
37616_at,-0.253941558
37617_at,-0.218658874
37618_at,0.216059362
37619_at,0.056872521
37620_at,0.276979035
37621_at,0.043763417
37622_r_at,-0.212651527
37623_at,-0.066798745
37624_at,0.10879242
37625_at,-0.746171277
37626_at,-0.030539412
37627_g_at,0.118871744
37628_at,0.015033127
37629_at,0.323733278
37630_at,-0.002075424
37631_at,-0.59258777
37632_s_at,0.679399825
37633_s_at,0.152569006
37634_at,0.37912043
37635_at,0.127670462
37636_at,0.013648726
37637_at,-0.352130652
37638_at,-0.357835221
37639_at,-0.02419107
37640_at,0.273380909
37641_at,-0.524849777
37642_at,-0.024854729
37643_at,-0.063374838
37644_s_at,0.049454855
37645_at,-0.090922096
37646_at,-0.078320145
37647_at,0.217925987
37648_at,0.200890455
37649_at,0.806061169
37650_at,-0.04366589
37651_at,0.322826565
37652_at,-0.328318214
37653_at,-0.143827188
37654_at,-0.169373054
37655_at,-0.288424255
37656_at,0.048841333
37657_at,-0.054814686
37658_at,-0.209056795
37659_at,0.165287767
37660_at,0.203110821
37661_at,0.174015896
37662_at,-0.045112731
37663_at,0.403912299
37664_at,0.005482022
37665_at,0.117964085
37666_at,0.161512872
37667_at,1.032970147
37668_at,0.477408484
37669_s_at,-0.920358355
37670_at,0.330566519
37671_at,-1.354262796
37672_at,0.071485578
37673_at,0.075524609
37674_at,-0.191401991
37675_at,0.223990469
37676_at,-0.09159605
37677_at,-0.397985063
37678_at,-0.728931272
37679_at,0.262767418
37680_at,-0.443483266
37681_i_at,0.092653947
37682_r_at,0.035793988
37683_at,0.275400857
37684_at,0.373042342
37685_at,0.537852805
37686_s_at,-0.262549413
37687_i_at,-0.094302658
37688_f_at,0.700953323
37689_s_at,0.520425843
37690_at,-0.322353279
37691_at,0.048262342
37692_at,-0.41488081
37693_at,-0.115010638
37694_at,0.067003691
37695_at,-0.31451115
37696_at,0.407641892
37697_s_at,0.376651755
37698_at,0.132118925
37699_at,0.388487121
377_g_at,-2.233984364
37700_at,0.31983498
37701_at,-0.351267383
37702_at,0.130240538
37703_at,0.260073965
37704_at,-0.026305897
37705_at,0.036452414
37706_at,-0.340063413
37707_i_at,0.201300672
37708_r_at,0.096673442
37709_at,0.159340588
37710_at,0.265007463
37711_at,0.089697478
37712_g_at,0.220608658
37713_at,0.212203608
37714_at,-0.152833377
37715_at,0.051376997
37716_at,-0.367420982
37717_at,0.220916731
37718_at,-0.07480471
37719_at,-0.408596398
37720_at,-0.023649701
37721_at,0.102528508
37722_s_at,-0.029546978
37723_at,-0.592154142
37724_at,0.145471875
37725_at,0.173300711
37726_at,0.276101621
37727_i_at,-0.316584509
37728_r_at,-0.147197025
37729_at,0.092093646
37730_at,-0.027166081
37731_at,0.345615118
37732_at,0.044248733
37733_at,-0.007745881
37734_at,-0.166163395
37735_at,-0.061441765
37736_at,0.51348698
37737_at,0.820015005
37738_g_at,0.760991758
37739_at,-0.026379389
37740_r_at,0.3484215
37741_at,0.13027982
37742_at,0.042839452
37743_at,-0.10600214
37744_r_at,-0.067665009
37745_s_at,-0.292592515
37746_r_at,-0.186256294
37747_at,-0.888028172
37748_at,0.052253114
37749_at,-1.628103263
37750_at,0.032929468
37751_at,-0.367009706
37752_at,0.622116831
37753_at,-0.150579764
37754_at,-1.179657391
37755_at,-1.289637098
37756_at,0.215615647
37757_at,-0.147596076
37758_s_at,0.059522968
37759_at,-0.145328595
37760_at,0.350770196
37761_at,0.140622274
37762_at,-0.825854692
37763_at,-0.13638792
37764_at,0.078788294
37765_at,0.128368161
37766_s_at,0.317855302
37767_at,-0.110373156
37768_at,0.06221602
37769_at,-0.003839083
37770_at,0.035250477
37771_at,0.020437502
37772_at,0.054875938
37773_at,-0.049305151
37774_at,0.094685531
37775_at,0.054857887
37776_at,0.026510306
37777_at,-0.005781582
37778_at,0.300442974
37779_at,0.005546454
37780_at,0.063596309
37781_at,0.153581534
37782_at,0.113476116
37783_at,0.176190397
37784_at,0.12127224
37785_at,-0.020403094
37786_at,0.250456419
37787_at,0.254620846
37788_at,-0.399236012
37789_at,0.043294539
37790_at,0.077085743
37791_at,0.00465438
37792_s_at,-0.032056377
37793_r_at,0.071767421
37794_at,-0.13821569
37795_at,-0.0127314
37796_at,0.054936179
37797_at,-0.216044522
37798_at,0.096569412
37799_at,-1.08278714
378_s_at,0.156509932
37800_r_at,-0.048148127
37801_at,0.194115105
37802_r_at,-0.212103417
37803_at,0.046708256
37804_at,-0.270391687
37805_at,0.172860773
37806_at,-0.23725457
37807_at,0.10686632
37808_at,-0.524003631
37809_at,-0.024832402
37810_at,0.30676146
37811_at,-0.094555944
37812_at,0.009896423
37813_at,0.01941634
37814_g_at,0.198527974
37815_at,0.051114801
37816_at,-0.636687866
37817_at,-0.082369193
37818_at,-0.130993567
37819_at,-0.066379307
37820_at,0.071665552
37821_at,-0.164685551
37822_at,-0.021161766
37823_at,0.104174382
37824_at,-0.124703124
37825_at,0.307983902
37826_at,0.144039736
37827_r_at,-0.528124289
37828_at,0.189467007
37829_at,-0.059756614
37830_at,-0.064605771
37831_at,-0.13743377
37832_at,0.134204079
37833_at,-0.319088123
37834_at,-0.013964335
37835_at,0.035736022
37836_at,-0.143106619
37837_at,-0.189599151
37838_at,0.348054944
37839_at,0.051024684
37840_at,0.355050642
37841_at,-0.426540721
37842_at,-0.779217768
37843_i_at,-0.004010834
37844_at,0.26156094
37845_at,0.310874488
37846_at,0.104903477
37847_at,0.138936368
37848_at,-0.065913743
37849_at,-0.217899698
37850_at,0.140267092
37851_at,0.041136097
37852_at,0.211908563
37853_at,-0.047207378
37854_at,0.219808637
37855_at,0.08056467
37856_at,0.313734458
37857_at,0.200584511
37858_at,0.139368271
37859_r_at,0.118102196
37860_at,-0.191574665
37861_at,-0.103348892
37862_at,0.164395171
37863_at,0.05690455
37864_s_at,-0.263728202
37865_at,0.20376495
37866_at,0.142714765
37867_at,0.10687503
37868_s_at,0.247641664
37869_at,-0.160949711
37870_at,0.19298357
37871_at,0.109958818
37872_at,0.097578743
37873_g_at,0.20221381
37874_at,-0.434984015
37875_at,0.083984577
37876_at,-0.528189353
37877_at,0.011375716
37878_at,0.1107588
37879_r_at,0.085845779
37880_at,-0.029338409
37881_at,0.186619806
37882_at,-0.095961584
37883_i_at,-0.147758567
37884_f_at,-0.252715956
37885_at,0.010057016
37886_at,-0.046554283
37887_at,0.171844692
37888_at,-0.089833471
37889_at,0.079680025
37890_at,-0.2519815
37891_at,-0.024275781
37892_at,0.170857427
37893_at,0.31105412
37894_at,0.332023024
37895_at,-0.061498103
37896_at,0.232768355
37897_s_at,-0.160346242
37898_r_at,0.089293768
37899_at,0.365013033
379_at,0.514633382
37900_at,-0.138145849
37901_at,0.021535811
37902_at,0.336698704
37903_at,0.016025337
37904_s_at,-0.0863764
37905_r_at,0.021361485
37906_at,-0.147007438
37907_at,-1.452058896
37908_at,-1.374665123
37909_at,0.224902845
37910_at,0.216050518
37911_at,-0.060723923
37912_at,0.253658765
37913_at,-0.245972704
37914_at,-0.151619955
37915_at,-0.069207376
37916_at,0.088590939
37917_at,0.025613026
37918_at,-0.147382453
37919_at,0.116214355
37920_at,0.472909651
37921_at,-1.573226312
37922_at,-0.02985587
37923_at,-0.112702691
37924_g_at,-0.308793694
37925_r_at,-0.053594897
37926_at,-0.144805885
37927_at,0.329448473
37928_at,0.115683933
37929_at,-0.612198689
37930_at,0.22549133
37931_at,-0.325931148
37932_at,-0.197585118
37933_at,-0.160744581
37934_at,-0.033509707
37935_at,0.112797433
37936_at,0.035243949
37937_at,0.221468697
37938_at,0.448026645
37939_at,-0.018294492
37940_f_at,0.356038716
37941_at,0.170570275
37942_at,0.137934844
37943_at,-0.084510605
37944_at,-0.162951822
37945_at,0.220481501
37946_at,-0.078406425
37947_at,-0.10644162
37948_at,0.009479933
37949_at,0.572141754
37950_at,0.041637826
37951_at,0.026251014
37952_at,0.055058935
37953_s_at,0.118180451
37954_at,-0.001223855
37955_at,0.106269729
37956_at,-0.087285337
37957_at,-0.006396561
37958_at,-0.944442829
37959_at,0.107305632
37960_at,0.727307122
37961_at,-0.339665154
37962_r_at,-0.167697257
37963_at,0.075898719
37964_at,0.056016499
37965_at,-0.131108332
37966_at,0.093473109
37967_at,-0.029670069
37968_at,0.053265251
37969_at,-0.113483576
37970_at,-0.108820011
37971_at,0.247210884
37972_at,0.087527284
37973_at,0.005591507
37974_at,0.238672908
37975_at,-0.28239724
37976_at,0.011573419
37977_at,0.155569414
37978_at,-0.103681503
37979_at,-0.319689773
37980_at,0.371810284
37981_at,-0.038784008
37982_at,0.623040199
37983_at,0.07109146
37984_s_at,0.020855703
37985_at,0.004193246
37986_at,0.209092086
37987_at,0.006869312
37988_at,0.141952373
37989_at,0.2637355
37990_at,0.293056202
37991_at,-0.074932554
37992_s_at,0.299608021
37993_at,0.018692471
37994_at,-0.499417599
37995_s_at,-0.125319367
37996_s_at,-0.087218247
37997_r_at,0.17799357
37998_at,0.026632681
37999_at,0.052244643
380_at,0.133516849
38000_at,-0.092888416
38001_at,-0.024211604
38002_s_at,0.018552544
38003_s_at,0.255385051
38004_at,-0.541409003
38005_at,-0.064877899
38006_at,-0.105951618
38007_at,0.054234896
38008_at,0.071019666
38009_at,0.204626793
38010_at,-0.597249693
38011_at,0.146057376
38012_at,0.1624976
38013_at,-0.76886278
38014_at,-0.318466265
38015_at,0.069631997
38016_at,0.218538206
38017_at,-0.002778111
38018_g_at,0.190777405
38019_at,-0.622854194
38020_at,-0.04815439
38021_at,-0.528133457
38022_s_at,-0.48267243
38023_at,0.236715766
38024_at,0.178752761
38025_r_at,0.203948957
38026_at,-0.224789478
38027_at,0.071588785
38028_at,-0.00102319
38029_at,0.00645618
38030_at,0.285192528
38031_at,0.11604495
38032_at,-0.233107621
38033_at,-2.10619389
38034_at,-0.230803906
38035_at,-0.219193211
38036_at,0.23393624
38037_at,-0.053386111
38038_at,-2.169189284
38039_at,0.028818938
38040_at,-0.033238155
38041_at,-0.180305831
38042_at,-0.430528128
38043_at,0.262633777
38044_at,0.164460188
38045_at,-0.051414094
38046_at,0.212492887
38047_at,-0.76791654
38048_at,-0.042389391
38049_g_at,-0.505406844
38050_at,0.060919604
38051_at,-0.738584532
38052_at,0.047867655
38053_s_at,-0.11731273
38054_at,0.350784799
38055_at,0.351883612
38056_at,-0.117664586
38057_at,-0.02289701
38058_at,0.103014704
38059_g_at,0.369817667
38060_at,0.545190541
38061_at,0.123277288
38062_at,0.063064825
38063_at,-0.154671697
38064_at,-0.635166487
38065_at,0.167894053
38066_at,-0.847590983
38067_at,0.388213592
38068_at,0.40547213
38069_at,0.046244545
38070_at,0.251995367
38071_at,0.571317578
38072_at,0.202036485
38073_at,0.136102394
38074_at,-0.013047138
38075_at,-0.071803835
38076_at,0.316840891
38077_at,-1.77527933
38078_at,-0.498337403
38079_at,-2.022895525
38080_at,0.214064809
38081_at,-0.422754312
38082_at,0.291241637
38083_at,0.098528448
38084_at,-0.088744998
38085_at,0.035305142
38086_at,-0.490759692
38087_s_at,-0.997615987
38088_r_at,-0.112644275
38089_at,-0.063642007
38090_at,0.27216205
38091_at,-0.022670319
38092_at,0.006580734
38093_at,0.005117351
38094_at,0.110367309
38095_i_at,-0.061793341
38096_f_at,-0.259538136
38097_at,0.122290523
38098_at,0.148299022
38099_r_at,-0.582791788
381_s_at,0.031891432
38100_at,-0.118372381
38101_at,-0.266368059
38102_at,0.198793516
38103_at,-0.071189708
38104_at,0.211285694
38105_at,0.177777984
38106_at,0.291041141
38107_at,-0.056516091
38108_at,0.434368019
38109_at,0.070312803
38110_at,-0.454191937
38111_at,-1.892148708
38112_g_at,-1.394199041
38113_at,-0.066883077
38114_at,-0.10674656
38115_at,0.075454118
38116_at,0.380588828
38117_at,0.132778463
38118_at,-0.542007076
38119_at,0.715465633
38120_at,-0.473089054
38121_at,0.238011276
38122_at,-0.486954324
38123_at,0.305983366
38124_at,0.066257651
38125_at,-2.157493949
38126_at,-0.461921671
38127_at,-0.775252298
38128_at,0.113074807
38129_at,0.004551878
38130_s_at,-0.239667438
38131_at,-0.07983389
38132_at,0.005376059
38133_at,0.141760191
38134_at,0.03433705
38135_at,0.051463126
38136_at,0.464685263
38137_at,-0.019211974
38138_at,-0.532929754
38139_at,0.590988248
38140_at,0.155138656
38141_at,0.358688115
38142_at,0.126259005
38143_at,0.174808795
38144_at,0.086565112
38145_at,0.02369625
38146_at,0.052627323
38147_at,-0.755575078
38148_at,0.127212942
38149_at,0.003244689
38150_at,-0.465755516
38151_at,0.052489686
38152_at,-0.405917487
38153_at,0.003783126
38154_at,-0.038586888
38155_at,0.752366031
38156_at,-0.29396169
38157_at,0.153714937
38158_at,0.008018548
38159_at,0.020332362
38160_at,-0.130277189
38161_at,0.130819786
38162_at,-0.018605642
38163_at,-0.132809591
38164_at,0.005432473
38165_s_at,0.074861409
38166_r_at,0.075909227
38167_at,-0.281124008
38168_at,-0.146443379
38169_s_at,0.043035141
38170_at,-0.069220918
38171_at,-0.007789647
38172_at,-0.04819798
38173_at,0.19662003
38174_at,0.068574272
38175_at,0.486990505
38176_at,-0.29810881
38177_at,0.001777417
38178_at,-0.13148739
38179_at,0.230701255
38180_f_at,0.050656504
38181_at,0.145399886
38182_at,0.069834698
38183_at,-0.239943136
38184_at,0.157411362
38185_at,0.186271482
38186_g_at,0.116938179
38187_at,0.107422198
38188_s_at,0.530351566
38189_s_at,0.003673122
38190_r_at,0.067104071
38191_at,0.118048386
38192_at,-0.173043882
38193_at,0.133243938
38194_s_at,-0.805896975
38195_at,0.284007246
38196_at,0.180628623
38197_at,0.757864596
38198_at,-0.074392448
38199_at,0.156333972
382_at,-0.022117232
38200_at,-0.187786886
38201_at,0.310837066
38202_at,0.149146142
38203_at,0.147364142
38204_at,0.065458935
38205_at,0.034083937
38206_at,0.103406859
38207_at,-0.96718614
38208_at,0.03028078
38209_at,0.268513196
38210_at,0.491025919
38211_at,-0.3371707
38212_at,-0.038621308
38213_at,0.820918487
38214_at,0.065041013
38215_at,0.173264093
38216_at,0.023902648
38217_at,0.039680993
38218_at,-0.088410567
38219_at,-0.183722224
38220_at,-1.03392477
38221_at,-0.038194236
38222_at,0.091233707
38223_at,-0.693014195
38224_at,-0.10319238
38225_at,1.416322238
38226_at,0.210496105
38227_at,-0.162885356
38228_g_at,-0.078984644
38229_at,0.058128591
38230_at,-0.070086721
38231_f_at,0.264062144
38232_f_at,0.301660882
38233_at,-0.503739628
38234_at,0.119030788
38235_at,0.13580872
38236_at,0.165265337
38237_at,-0.026668687
38238_at,0.111659569
38239_at,0.127983174
38240_at,0.18166258
38241_at,-0.818430077
38242_at,-0.116349406
38243_at,0.015435709
38244_at,0.283102702
38245_i_at,0.16847259
38246_r_at,-0.077753745
38247_at,-0.323327655
38248_at,-0.115028391
38249_at,0.236619602
38250_at,0.091398328
38251_at,0.119228196
38252_s_at,0.307793954
38253_at,0.27352801
38254_at,-0.643133204
38255_at,0.076676605
38256_s_at,0.156756679
38257_at,0.215873297
38258_at,0.150883325
38259_at,0.199037879
38260_at,0.265629506
38261_at,-0.434494589
38262_at,0.379275793
38263_at,0.042959734
38264_at,0.258163727
38265_at,0.125482566
38266_at,0.046322007
38267_at,0.078690984
38268_at,-0.051820793
38269_at,0.225455117
38270_at,0.282629134
38271_at,-0.250387591
38272_at,0.138883664
38273_at,0.062714078
38274_at,-0.016271385
38275_at,0.391650188
38276_at,0.324279364
38277_at,-0.03370008
38278_at,-0.271909275
38279_at,-0.185535266
38280_s_at,0.18572338
38281_at,-0.237916057
38282_at,-0.347876066
38283_at,0.161296324
38284_at,0.090131938
38285_at,0.160478283
38286_at,-0.367261113
38287_at,-0.239575322
38288_at,-0.283778283
38289_r_at,-0.049615642
38290_at,0.32582087
38291_at,0.039224107
38292_at,-0.035502084
38293_s_at,0.034865962
38294_at,-0.092227655
38295_at,0.024160965
38296_at,-0.028084768
38297_at,-0.114809846
38298_at,-0.015511899
38299_at,-0.152825083
38300_at,0.036134289
38301_at,0.078463696
38302_at,0.078231987
38303_at,0.120044895
38304_r_at,0.04030471
38305_at,0.037726131
38306_at,-0.097692555
38307_at,0.126697442
38308_g_at,-0.052492346
38309_r_at,0.19528605
38310_at,-0.346196181
38311_at,-0.12217903
38312_at,-0.275189545
38313_at,-0.484789055
38314_at,-0.10478525
38315_at,0.362569238
38316_at,0.088369599
38317_at,-0.487717008
38318_at,-0.210372463
38319_at,-0.361091215
38320_s_at,-0.006977123
38321_r_at,0.191473854
38322_at,0.35126593
38323_at,-0.744979751
38324_at,0.179979176
38325_at,0.497241477
38326_at,0.493371253
38327_at,-1.544230225
38328_at,0.340446524
38329_at,0.187775097
38330_at,0.179945885
38331_at,0.171476511
38332_at,0.158137857
38333_at,0.162593805
38334_g_at,0.012109294
38335_at,0.352292435
38336_at,-0.280237283
38337_at,0.509968023
38338_at,-0.324363063
38339_at,0.043243091
38340_at,-0.041776691
38341_at,-0.084232839
38342_at,-0.293932975
38343_at,-0.063252042
38344_at,-0.127015914
38345_at,0.023017398
38346_at,0.484053142
38347_at,0.269155532
38348_at,-0.222040366
38349_at,0.078768561
38350_f_at,0.144654823
38351_at,0.011587319
38352_at,0.809522656
38353_at,-0.20773657
38354_at,-0.269626499
38355_at,-1.732167863
38356_at,-0.89489344
38357_at,-0.093902277
38358_at,0.335646565
38359_at,0.05966674
38360_at,0.228180112
38361_g_at,0.281037035
38362_at,-0.035077849
38363_at,0.389776306
38364_at,-0.278066091
38365_at,0.174911645
38366_g_at,0.088847353
38367_s_at,-0.578698261
38368_at,0.394402983
38369_at,0.079860016
38370_at,-0.875166592
38371_at,0.348837397
38372_at,0.386234859
38373_g_at,0.284591752
38374_at,-0.754295736
38375_at,0.380068441
38376_at,-0.220049495
38377_at,-0.081583231
38378_at,0.261261508
38379_at,-2.231199265
38380_at,0.293950788
38381_at,0.251432457
38382_at,0.072398861
38383_at,-0.202549359
38384_at,0.212641295
38385_at,-0.727913952
38386_r_at,0.261201418
38387_at,0.155377509
38388_at,-0.050783797
38389_at,-0.067534171
38390_at,0.062571692
38391_at,-0.016982617
38392_at,-0.059612861
38393_at,-0.052872627
38394_at,-0.094992025
38395_at,0.199805819
38396_at,0.202735775
38397_at,-0.130236878
38398_at,0.085318052
38399_at,-0.014474565
384_at,0.278856297
38400_at,0.202056517
38401_s_at,-0.054988988
38402_at,-0.102473548
38403_at,-0.61872914
38404_at,0.261353295
38405_at,-0.6791316
38406_f_at,0.070879747
38407_r_at,0.16117704
38408_at,-1.003607585
38409_at,-0.439869749
38410_at,-0.31689891
38411_at,-0.964555164
38412_at,-0.112076308
38413_at,-0.183297325
38414_at,-0.047125626
38415_at,0.389756953
38416_at,0.276884337
38417_at,-0.047164705
38418_at,-1.416067784
38419_at,-0.020967312
38420_at,-0.551041839
38421_at,-0.045315321
38422_s_at,-0.384836883
38423_at,-0.081414943
38424_at,0.401815542
38425_at,0.019993476
38426_at,0.209404828
38427_at,-1.037088337
38428_at,-0.660095565
38429_at,-0.078721041
38430_at,0.113309675
38431_at,0.119759036
38432_at,0.191287365
38433_at,-1.38892037
38434_at,0.013591334
38435_at,0.033839802
38436_at,0.103341288
38437_at,-0.066014512
38438_at,-0.219070438
38439_at,-0.346421475
38440_s_at,-0.103210349
38441_s_at,-0.171154452
38442_at,-0.182367545
38443_at,0.075775952
38444_at,0.004405256
38445_at,-0.085354253
38446_at,0.369721076
38447_at,0.024296543
38448_at,-0.009727684
38449_at,-0.023725161
38450_at,0.52300245
38451_at,0.553086814
38452_at,0.389906175
38453_at,0.721751454
38454_g_at,0.758909008
38455_at,-0.135436267
38456_s_at,-0.129511883
38457_at,-0.075863622
38458_at,-0.251692577
38459_g_at,-0.323413931
38460_at,0.065135044
38461_at,0.38761498
38462_at,0.832086887
38463_s_at,0.073432218
38464_at,-0.129316514
38465_at,-1.823199791
38466_at,-0.126468592
38467_at,0.267693805
38468_at,0.080666195
38469_at,-0.565456346
38470_i_at,-1.583233332
38471_r_at,-0.423199767
38472_at,-0.330599563
38473_at,0.398716127
38474_at,0.774400194
38475_at,0.313369152
38476_at,-0.053452461
38477_at,-0.050812536
38478_at,0.078240428
38479_at,0.40664929
38480_s_at,-0.027584947
38481_at,-0.09483321
38482_at,-0.167645565
38483_at,-0.177363398
38484_at,-0.083119981
38485_at,0.417352954
38486_at,0.070274297
38487_at,0.105343856
38488_s_at,-0.337413419
38489_at,0.175137585
38490_r_at,0.011056375
38491_at,0.027711843
38492_at,0.460634837
38493_at,0.118117981
38494_at,0.035380491
38495_s_at,0.053687864
38496_at,0.146781605
38497_at,-0.021150003
38498_at,-0.035259105
38499_s_at,0.531540115
385_at,0.142586679
38500_at,-0.492267232
38501_s_at,0.438863589
38502_at,0.409456222
38503_at,-0.110888857
38504_at,-0.045900129
38505_at,0.043426514
38506_at,0.064813365
38507_at,0.004415087
38508_s_at,0.26388491
38509_at,0.082788112
38510_at,-0.06498484
38511_at,-0.239227418
38512_r_at,-0.182170334
38513_at,0.125676826
38514_at,-0.000149177
38515_at,-0.252873969
38516_at,-0.108411688
38517_at,-0.089080042
38518_at,0.07695151
38519_at,-0.008683152
38520_r_at,-0.082854248
38521_at,-0.080752397
38522_s_at,-0.088917898
38523_f_at,0.101418481
38524_at,-0.200804586
38525_at,-0.087789113
38526_at,-0.154990887
38527_at,-0.129138759
38528_at,-0.008310783
38529_at,0.102507568
38530_at,0.113549885
38531_at,0.16563781
38532_at,0.333047069
38533_s_at,0.201088031
38534_at,0.080345708
38535_at,-0.053356573
38536_at,0.478480137
38537_at,-0.145571781
38538_at,0.05492046
38539_at,-0.007608389
38540_at,0.049913836
38541_at,0.131405274
38542_at,0.14439763
38543_at,-0.032806716
38544_at,-0.134376016
38545_at,-0.386543835
38546_at,-0.148673538
38547_at,0.005852429
38548_at,0.072363035
38549_at,-0.115635023
38550_at,0.032276199
38551_at,-0.835635264
38552_f_at,0.211429624
38553_r_at,0.407235201
38554_at,0.180913557
38555_at,0.073518045
38556_at,0.07433172
38557_at,0.635666205
38558_at,-0.029054242
38559_at,0.088170008
38560_at,0.098393644
38561_at,0.124261306
38562_g_at,0.278730703
38563_at,0.310289123
38564_at,0.350557037
38565_at,0.184828739
38566_at,0.032716741
38567_at,-0.249640752
38568_at,-0.102482932
38569_at,-0.018253531
38570_at,0.273866686
38571_at,0.186823399
38572_at,0.123280142
38573_at,0.366658054
38574_at,-0.067614383
38575_at,-0.773341028
38576_at,0.674172464
38577_at,0.137844759
38578_at,0.253604546
38579_at,0.357461385
38580_at,-0.164792072
38581_at,-0.326634402
38582_at,0.206298253
38583_at,0.18940865
38584_at,0.062138853
38585_at,0.636102878
38586_at,-1.670302032
38587_at,0.021983648
38588_at,0.277551424
38589_i_at,-0.104832893
38590_r_at,0.037764651
38591_at,-0.032489094
38592_s_at,-0.111093433
38593_r_at,0.10097844
38594_i_at,0.023494409
38595_r_at,0.096278332
38596_i_at,0.231329556
38597_f_at,-0.115815967
38598_at,0.163142046
38599_s_at,0.088875522
386_g_at,0.057510702
38600_r_at,0.039418331
38601_at,0.006861658
38602_at,0.21967777
38603_at,-0.008223224
38604_at,0.122611548
38605_at,0.263220002
38606_at,0.107434823
38607_at,-0.179864283
38608_at,0.102716753
38609_at,0.257390134
38610_s_at,0.425311035
38611_at,0.075395715
38612_at,-0.506101431
38613_at,0.322701887
38614_s_at,-0.108118295
38615_at,-0.01370674
38616_at,0.205121646
38617_at,-0.104022759
38618_at,0.07622436
38619_at,-0.00080648
38620_at,0.219778977
38621_at,-0.175964054
38622_at,-0.045993813
38623_at,0.112964818
38624_at,0.269225583
38625_g_at,-0.088820888
38626_at,-0.137873121
38627_at,-0.159243957
38628_at,-0.160324033
38629_at,0.161471477
38630_at,-0.423772535
38631_at,0.316768682
38632_at,0.029803472
38633_at,-0.335112687
38634_at,-0.019159115
38635_at,0.157904065
38636_at,0.135529509
38637_at,-1.070499866
38638_at,0.19155277
38639_at,0.012559952
38640_at,0.727189048
38641_at,0.055487816
38642_at,-1.02190343
38643_at,-0.700260666
38644_at,0.128037422
38645_at,0.542312524
38646_s_at,0.077191381
38647_at,-0.002389645
38648_at,-0.182164641
38649_at,-0.37567875
38650_at,-2.192450629
38651_at,0.068960661
38652_at,-0.048732611
38653_at,-0.055546111
38654_at,0.054987946
38655_at,-0.423393271
38656_s_at,-0.489124024
38657_s_at,-0.016494508
38658_at,0.000881443
38659_at,-0.151735098
38660_at,0.226237878
38661_at,0.13194459
38662_at,-0.309466951
38663_at,-0.098408606
38664_at,-0.387110288
38665_at,-0.037202267
38666_at,-0.034223849
38667_at,0.147315291
38668_at,-0.066553149
38669_at,0.280838272
38670_at,-0.08281659
38671_at,-0.297927497
38672_at,-0.021710307
38673_s_at,-0.117954238
38674_at,-0.476454791
38675_at,0.53286522
38676_at,0.01499035
38677_at,-0.181043033
38678_at,0.498332011
38679_g_at,0.33638422
38680_at,0.463299492
38681_at,0.305698413
38682_at,-0.055939641
38683_s_at,0.028439826
38684_at,-0.252648734
38685_at,0.187192666
38686_at,-0.030518455
38687_at,0.311501313
38688_at,-0.37943019
38689_at,0.236224433
38690_at,-0.267451321
38691_s_at,0.122748535
38692_at,-0.097929772
38693_at,0.527539762
38694_at,0.051871697
38695_at,0.216106567
38696_at,0.157580293
38697_at,-0.092159222
38698_at,-0.097006651
38699_at,-0.237953814
387_at,-0.001158282
38700_at,-0.490708389
38701_at,0.283284403
38702_at,0.115513299
38703_at,0.056541747
38704_at,-0.076680142
38705_at,0.172383157
38706_at,0.098632719
38707_r_at,-0.060710328
38708_at,0.195430496
38709_at,0.522573628
38710_at,-0.114956387
38711_at,0.292097381
38712_at,-0.292683467
38713_at,0.027779267
38714_at,1.030517462
38715_at,1.326883437
38716_at,-0.036198394
38717_at,-0.449252958
38718_at,0.043300249
38719_at,-0.133158638
38720_at,0.262321691
38721_at,-0.17987776
38722_at,-1.161224967
38723_at,0.368153271
38724_at,-0.326792832
38725_s_at,0.148953623
38726_at,0.082967761
38727_at,-0.043905652
38728_at,0.251485622
38729_at,-0.260866885
38730_at,-0.499894081
38731_at,0.119475657
38732_at,0.184026539
38733_at,-0.188010917
38734_at,0.241943196
38735_at,0.120131358
38736_at,-0.195056892
38737_at,0.176274206
38738_at,-0.077874463
38739_at,-0.220144494
38740_at,-0.56703346
38741_at,-0.040718975
38742_s_at,0.041862021
38743_f_at,-0.040749074
38744_at,0.456055818
38745_at,-1.10778738
38746_at,-0.026895595
38747_at,0.176177949
38748_at,-1.003373646
38749_at,-0.089959516
38750_at,-0.600875593
38751_i_at,0.576590781
38752_r_at,0.451536304
38753_at,0.028884085
38754_at,-0.248868522
38755_at,-0.120072826
38756_at,0.246739108
38757_at,-0.120201153
38758_at,0.076950007
38759_at,-0.354366496
38760_f_at,-0.732527621
38761_s_at,-0.746741455
38762_at,0.026449973
38763_at,-0.141991364
38764_at,-0.52923298
38765_at,-0.069846936
38766_at,0.029001923
38767_at,-0.362220158
38768_at,0.065719461
38769_at,0.078913601
38770_at,-0.301024896
38771_at,0.176484376
38772_at,-1.771888128
38773_at,-0.075666285
38774_at,0.075265597
38775_at,-0.162443342
38776_at,0.513044348
38777_at,0.242303028
38778_at,-0.109623874
38779_r_at,-0.127478196
38780_at,-0.010774856
38781_at,0.302134147
38782_at,0.457765975
38783_at,-0.377571975
38784_g_at,-0.247289267
38785_at,-0.019033142
38786_at,0.063005409
38787_at,-0.017216458
38788_at,0.021713172
38789_at,-0.230609299
38790_at,-0.327622164
38791_at,-0.24177276
38792_at,-0.067656865
38793_at,-0.03660435
38794_at,0.0167314
38795_s_at,0.148982547
38796_at,0.216769971
38797_at,-0.411316405
38798_s_at,-0.35302783
38799_at,-0.227702385
388_at,-0.128568721
38800_at,0.391357646
38801_at,0.40070581
38802_at,-0.075537273
38803_at,0.431998573
38804_at,0.103755553
38805_at,-0.389489009
38806_at,0.314907267
38807_at,0.380306638
38808_at,-0.026037057
38809_s_at,-0.078430678
38810_at,0.087691303
38811_at,0.446295325
38812_at,-0.257372356
38813_at,-0.174814844
38814_at,0.097421073
38815_at,-0.162534215
38816_at,-0.013843082
38817_at,-0.015517263
38818_at,0.05827417
38819_at,-0.267894484
38820_at,0.208032674
38821_at,0.204518115
38822_at,-0.072871201
38823_s_at,-0.427061642
38824_at,0.05976844
38825_at,-0.221634169
38826_at,0.018333227
38827_at,-1.462524944
38828_s_at,0.083587816
38829_r_at,-0.032768085
38830_at,0.061558246
38831_f_at,-0.134273943
38832_r_at,-0.003462235
38833_at,0.048649478
38834_at,-0.166093674
38835_at,-0.742394089
38836_at,-0.218423487
38837_at,-0.162451579
38838_at,0.00506565
38839_at,-1.873423965
38840_s_at,-2.919609313
38841_at,1.107061229
38842_at,-1.262986508
38843_at,-0.143269742
38844_at,-0.029859469
38845_at,-0.047799434
38846_at,0.638387738
38847_at,0.064324008
38848_at,0.080617277
38849_at,-0.037224939
38850_at,0.022150246
38851_at,0.08952632
38852_at,0.215662438
38853_at,0.170797316
38854_at,0.279973364
38855_s_at,-0.305512639
38856_at,0.346013562
38857_r_at,0.318435118
38858_at,0.512280141
38859_at,-0.145734738
38860_at,-0.026508524
38861_at,0.105377326
38862_at,0.130836574
38863_at,0.265948007
38864_at,-0.11377334
38865_at,0.090666159
38866_at,0.307093086
38867_g_at,0.291937846
38868_at,0.156356576
38869_at,-0.032514923
38870_at,0.02167832
38871_at,-0.185598625
38872_at,0.128952958
38873_at,0.082888848
38874_s_at,0.093692759
38875_r_at,-2.01636879
38876_at,-0.407606139
38877_s_at,0.143722483
38878_at,0.098309
38879_at,0.028713935
38880_at,0.196865657
38881_i_at,-0.580224365
38882_r_at,-0.538694172
38883_at,0.00916762
38884_at,-0.0236441
38885_at,0.081511477
38886_i_at,0.073792828
38887_r_at,0.158220106
38888_at,0.263714289
38889_at,-0.149825988
38890_at,0.114265439
38891_at,-0.313263369
38892_at,0.335579324
38893_at,-0.18064036
38894_g_at,-0.275222765
38895_i_at,-0.085632723
38896_at,0.06308816
38897_at,0.139316276
38898_at,0.081300663
38899_s_at,-0.025978173
389_s_at,0.145359293
38900_at,-0.000376002
38901_at,0.072664034
38902_r_at,0.066045558
38903_at,0.133114534
38904_at,-0.003399166
38905_at,0.319747972
38906_at,1.348549475
38907_at,-0.00492094
38908_s_at,-0.17160361
38909_at,0.077146334
38910_at,0.04703959
38911_at,0.623969391
38912_at,0.002471812
38913_at,-0.133321187
38914_at,0.268390228
38915_at,0.001400418
38916_at,-0.325399918
38917_at,0.126004968
38918_at,-0.367786
38919_at,0.234417642
38920_at,0.271099201
38921_at,-0.007210724
38922_at,0.051152838
38923_at,0.535808518
38924_s_at,0.033585272
38925_at,0.000101618
38926_at,0.461915735
38927_i_at,-2.00882738
38928_r_at,-0.991381758
38929_at,0.129869517
38930_at,0.212006523
38931_at,-0.186963056
38932_at,0.175596697
38933_at,0.252846704
38934_at,0.376024379
38935_at,-0.147959395
38936_at,0.031541516
38937_at,0.079193037
38938_at,0.108294439
38939_r_at,-0.191024557
38940_at,0.663899864
38941_s_at,0.319643158
38942_r_at,-0.037101731
38943_at,0.729841739
38944_at,-0.071965618
38945_at,0.181739594
38946_at,0.056250091
38947_at,0.161235541
38948_at,0.13428153
38949_at,0.411297633
38950_r_at,0.068731154
38951_at,0.184077173
38952_s_at,-0.169105467
38953_at,0.270221767
38954_at,0.186277329
38955_at,0.055511129
38956_at,-0.124202102
38957_at,-1.47854697
38958_at,0.125424805
38959_s_at,0.270160245
38960_at,0.185922536
38961_at,-0.026379933
38962_at,0.187088029
38963_i_at,-0.092383849
38964_r_at,-0.100868246
38965_at,0.315982663
38966_at,-0.121985611
38967_at,0.484001996
38968_at,-0.49067745
38969_at,-0.215083468
38970_s_at,-0.331145109
38971_r_at,-0.150973308
38972_at,-0.677936052
38973_at,0.958364919
38974_at,0.497916301
38975_at,-0.090123285
38976_at,-0.690922737
38977_at,0.318893884
38978_at,0.031400888
38979_at,0.158829794
38980_at,-0.213416809
38981_at,0.501133866
38982_at,-0.099736779
38983_at,0.2782828
38984_at,-0.174699757
38985_at,-0.031088122
38986_at,0.205636951
38987_at,0.306583115
38988_at,-0.127743662
38989_at,-0.052234568
38990_at,0.095344617
38991_at,0.102541073
38992_at,0.094677989
38993_r_at,-0.19136682
38994_at,0.448227822
38995_at,0.142341432
38996_at,-0.074717245
38997_at,-0.415122044
38998_g_at,0.195374876
38999_s_at,0.19321871
390_at,0.079541728
39000_at,0.040195299
39001_at,0.470827355
39002_at,0.112235902
39003_at,-0.492521827
39004_at,0.070046155
39005_s_at,0.110337663
39006_r_at,-0.023315302
39007_at,-0.211312957
39008_at,-0.727619773
39009_at,0.806621711
39010_at,0.167408892
39011_at,0.044610512
39012_g_at,0.232160892
39013_at,0.174118807
39014_at,0.062357206
39015_f_at,-0.018385604
39016_r_at,0.170989699
39017_at,0.471740884
39018_at,0.099374025
39019_at,-0.677216359
39020_at,0.003513458
39021_at,-0.089533887
39022_at,-0.013122114
39023_at,-0.140502827
39024_at,0.173934901
39025_at,0.235698855
39026_r_at,-0.135016467
39027_at,0.401131173
39028_at,-0.230094789
39029_at,0.545917187
39030_at,-0.344636402
39031_at,0.23050769
39032_at,-1.25971362
39033_at,-0.204278075
39034_at,-0.300824072
39035_at,-0.300363128
39036_g_at,-0.145777925
39037_at,-0.113935528
39038_at,-0.166847269
39039_s_at,-0.142487801
39040_at,0.081614664
39041_at,0.495954284
39042_at,0.146923294
39043_at,0.045336565
39044_s_at,-0.079813887
39045_at,-0.134314861
39046_at,0.024559013
39047_at,0.204293852
39048_at,0.192991213
39049_at,0.090569981
39050_at,0.095630504
39051_at,0.033836265
39052_at,0.278318844
39053_at,0.01795783
39054_at,-0.1527605
39055_at,0.181536163
39056_at,-0.008975651
39057_at,-0.229387081
39058_at,-0.736438847
39059_at,-0.093792436
39060_at,0.401262474
39061_at,0.01494826
39062_at,-0.423678347
39063_at,-0.059345527
39064_at,0.101604814
39065_s_at,-0.420234148
39066_at,-0.308906112
39067_at,0.130328183
39068_at,0.002693568
39069_at,-0.790925912
39070_at,0.082791508
39071_at,-0.583551979
39072_at,-0.358501207
39073_at,0.344025399
39074_at,0.226792384
39075_at,-0.030730729
39076_s_at,-0.287500845
39077_at,0.238734074
39078_at,0.16350504
39079_at,-0.165024222
39080_at,-0.258489157
39081_at,-0.244899591
39082_at,-0.493717086
39083_at,0.055112211
39084_at,-0.1720925
39085_at,-0.084679134
39086_g_at,0.810488816
39087_at,-0.115448043
39088_at,0.334820729
39089_at,0.014188024
39090_at,0.129050258
39091_at,-0.537462217
39092_at,0.217897827
39093_s_at,0.06695714
39094_at,0.009913946
39095_at,0.123982706
39096_at,-0.062480511
39097_at,0.080860426
39098_at,0.063365503
39099_at,-1.239523717
391_at,-0.189655276
39100_at,-0.04891772
39101_at,0.1745817
39102_at,0.320454331
39103_s_at,-0.022091007
39104_at,0.173747903
39105_at,0.293534914
39106_at,-2.048566355
39107_at,-0.008668309
39108_at,-0.092479542
39109_at,0.106474572
39110_at,-0.040220627
39111_s_at,0.521285517
39112_at,0.085396537
39113_at,-0.381305678
39114_at,-0.239480046
39115_at,-0.057768577
39116_at,0.071787493
39117_at,-0.290454558
39118_at,-0.00836621
39119_s_at,-0.451787308
39120_at,-0.911630759
39121_at,0.061595281
39122_at,-0.35930806
39123_s_at,-0.311239298
39124_r_at,-0.151576281
39125_at,-0.005504907
39126_at,0.100685746
39127_f_at,-0.507126059
39128_r_at,-0.122206957
39129_at,0.031412313
39130_at,-0.133621638
39131_at,0.017641528
39132_at,0.100267554
39133_at,0.162926745
39134_at,-0.111341706
39135_at,0.003601602
39136_at,0.052478322
39137_at,0.078992114
39138_g_at,0.13347806
39139_at,0.121922628
39140_at,0.223055516
39141_at,0.449320159
39142_at,0.127878794
39143_at,0.047970534
39144_at,-0.093953315
39145_at,-0.084557269
39146_at,0.319172552
39147_g_at,-0.657622392
39148_s_at,-0.23206602
39149_at,0.09329463
39150_at,-0.281912556
39151_at,0.080225801
39152_f_at,0.339925053
39153_r_at,0.192374456
39154_at,0.09158805
39155_at,0.072281842
39156_at,0.155367481
39157_at,0.040802952
39158_at,0.735079365
39159_at,-0.154105935
39160_at,-0.067924514
39161_at,0.14060011
39162_at,0.587496584
39163_at,0.2479371
39164_at,0.125760639
39165_at,0.194254004
39166_s_at,-0.684301342
39167_r_at,-0.350220271
39168_at,-0.140774871
39169_at,0.103878691
39170_at,-0.071471647
39171_at,0.008406305
39172_at,0.023902517
39173_at,0.185921968
39174_at,0.225248053
39175_at,-0.217364194
39176_f_at,-0.120033918
39177_r_at,-0.074143737
39178_at,0.099259999
39179_at,1.138852018
39180_at,-0.106149483
39181_at,0.056936483
39182_at,0.304901936
39183_at,-0.293389286
39184_at,0.313538117
39185_at,-0.323419849
39186_s_at,0.37422678
39187_at,0.17190432
39188_at,0.151352807
39189_at,0.210085159
39190_s_at,0.157076122
39191_at,0.075506197
39192_at,0.245271323
39193_at,0.191267533
39194_at,0.16008376
39195_s_at,0.218316312
39196_i_at,0.296666355
39197_s_at,0.282856021
39198_s_at,0.158803192
39199_at,-0.021438703
392_g_at,-0.038830221
39200_s_at,0.054650356
39201_r_at,-0.030620531
39202_at,0.078833054
39203_at,0.206248681
39204_at,0.167369597
39205_at,-0.092486405
39206_s_at,0.055391307
39207_r_at,0.248838967
39208_i_at,-0.089078455
39209_r_at,0.020311605
39210_at,0.043081058
39211_at,0.025174814
39212_at,-0.140914033
39213_at,0.014122977
39214_at,0.208413569
39215_at,0.053839292
39216_at,-0.073463594
39217_at,0.274585795
39218_at,0.380095905
39219_at,0.606135358
39220_at,0.042930178
39221_at,0.237910608
39222_at,0.222523732
39223_at,0.166727914
39224_at,-0.103698569
39225_at,0.191169756
39226_at,0.025424142
39227_at,0.10085215
39228_at,0.187757726
39229_at,0.119115483
39230_at,0.32307988
39231_at,0.288687774
39232_at,0.769617315
39233_at,0.27352016
39234_at,-0.001644298
39235_at,-0.044387999
39236_s_at,-0.117191418
39237_at,-0.108481332
39238_at,-0.024165944
39239_at,-0.313862231
39240_at,0.066231611
39241_at,0.238768374
39242_at,0.146960517
39243_s_at,-0.21993953
39244_at,0.218078638
39245_at,0.049279928
39246_at,-0.276096742
39247_at,-0.908082219
39248_at,-0.241063008
39249_at,-0.235004836
39250_at,0.004283042
39251_at,0.178650173
39252_at,-0.037219805
39253_s_at,0.307084684
39254_at,-0.041450342
39255_at,-0.339504073
39256_at,-0.007436034
39257_at,0.107917505
39258_at,0.079005464
39259_at,0.458248014
39260_at,-0.349042349
39261_at,0.382387736
39262_at,-0.006321905
39263_at,0.070256786
39264_at,-0.026789703
39265_at,0.177060275
39266_at,0.087130784
39267_at,0.197063404
39268_at,0.076144637
39269_at,0.099443786
39270_at,0.202060876
39271_at,-0.229365414
39272_g_at,-0.121942972
39273_at,0.677302287
39274_at,-0.115861704
39275_at,0.216038859
39276_g_at,0.04473544
39277_at,-0.410245539
39278_at,0.043748315
39279_at,-0.110063744
39280_at,-0.244317642
39281_at,-0.080426917
39282_at,0.231567332
39283_at,-0.108435548
39284_at,0.241542406
39285_at,0.068940798
39286_at,0.259784205
39287_at,0.066403384
39288_at,0.026937197
39289_at,0.187747967
39290_f_at,0.153181129
39291_at,-0.18176648
39292_r_at,0.251487301
39293_at,-0.131513954
39294_at,-0.169287316
39295_s_at,-0.075157658
39296_at,0.235615242
39297_at,0.19804793
39298_at,-0.737012387
39299_at,0.03238022
393_s_at,-0.237800654
39300_at,0.175568482
39301_at,-0.228845913
39302_at,0.318258054
39303_at,0.016359024
39304_g_at,0.067368527
39305_at,0.046897218
39306_at,0.157414955
39307_s_at,-0.04535486
39308_r_at,0.019531503
39309_at,0.075252601
39310_at,0.08784463
39311_at,-0.284701545
39312_r_at,0.305479996
39313_at,0.352077721
39314_at,0.319853805
39315_at,0.557312482
39316_at,0.047172136
39317_at,-0.386577602
39318_at,0.001379883
39319_at,-0.103317096
39320_at,-0.225560605
39321_at,-0.191405228
39322_at,-0.085513724
39323_at,-0.089462568
39324_at,-0.673197376
39325_at,-0.33902569
39326_at,0.196718323
39327_at,-0.362549933
39328_at,-0.08689114
39329_at,-0.739356806
39330_s_at,-0.928544234
39331_at,0.048007529
39332_at,-0.662370707
39333_at,-0.822248349
39334_s_at,0.084943371
39335_at,0.117396014
39336_at,-0.206451209
39337_at,0.244298792
39338_at,-1.64470079
39339_at,0.037757747
39340_at,-0.070284241
39341_at,0.303095907
39342_at,0.275692794
39343_at,0.270697289
39344_at,-0.052600079
39345_at,-0.559556575
39346_at,0.207207208
39347_at,0.218137251
39348_at,0.089844357
39349_at,0.256373727
39350_at,-2.506892697
39351_at,-0.159698642
39352_at,-0.860653206
39353_at,0.293664844
39354_at,0.483919878
39355_at,0.304079626
39356_at,-0.015529442
39357_at,0.202480283
39358_at,-0.587539418
39359_s_at,-0.152636458
39360_at,0.147571193
39361_f_at,0.003828733
39362_r_at,-0.394658706
39363_at,0.271488559
39364_s_at,0.026447677
39365_i_at,-0.336209643
39366_at,-1.077063368
39367_at,0.147660813
39368_at,0.172254709
39369_at,-0.03694602
39370_at,0.147536052
39371_at,0.279857916
39372_at,0.811620217
39373_at,1.046873688
39374_at,-0.151965757
39375_g_at,-0.026718524
39376_at,-0.078292036
39377_at,0.164053544
39378_at,-0.087912935
39379_at,-0.091015728
39380_at,0.11615362
39381_at,0.464891014
39382_at,-1.696848525
39383_at,-0.106036664
39384_at,0.140062569
39385_at,-0.149830105
39386_at,0.563686212
39387_at,-0.380633371
39388_at,0.117970166
39389_at,-2.467934724
39390_at,0.394991271
39391_at,-0.007233708
39392_at,0.191743937
39393_r_at,-2.192772884
39394_at,-0.128577627
39395_at,-0.524916224
39396_at,0.128270485
39397_at,-0.011103602
39398_s_at,-0.14057046
39399_at,0.094251216
394_at,0.418816896
39400_at,-0.107612952
39401_at,-0.027179431
39402_at,0.005878533
39403_at,-0.388859704
39404_s_at,0.044544301
39405_at,0.096004126
39406_at,-0.103750109
39407_at,-0.059702515
39408_at,0.058745961
39409_at,-0.4918
39410_at,-0.787528336
39411_at,-0.359187421
39412_at,-0.358771214
39413_at,-0.117225087
39414_at,0.026041131
39415_at,0.047392092
39416_at,-0.579543607
39417_at,-0.299309244
39418_at,0.193562413
39419_at,0.341278276
39420_at,0.640211344
39421_at,-0.298689074
39422_at,0.540766969
39423_f_at,0.210991289
39424_at,-0.133800105
39425_at,-0.27895818
39426_at,0.101891089
39427_at,0.487400076
39428_at,0.245276272
39429_at,0.069984938
39430_at,-0.18695207
39431_at,-0.153385153
39432_at,-0.166027526
39433_at,-0.111063359
39434_at,0.218201546
39435_at,-0.147315378
39436_at,-0.428121684
39437_at,0.248745958
39438_at,-0.30203613
39439_at,0.467572848
39440_f_at,0.329791375
39441_at,-0.274344662
39442_at,0.245650512
39443_s_at,0.63074681
39444_at,0.02509187
39445_at,0.059468062
39446_s_at,-0.019131144
39447_f_at,0.120603911
39448_r_at,-0.022069831
39449_at,-0.027347682
39450_s_at,0.109431525
39451_i_at,0.038084705
39452_s_at,0.030936709
39453_at,0.044551825
39454_f_at,0.046568826
39455_r_at,0.094216397
39456_at,-0.031707781
39457_r_at,0.005445251
39458_s_at,-0.084980527
39459_at,0.005701815
39460_g_at,0.113904003
39461_s_at,0.098136537
39462_s_at,0.213490269
39463_at,0.061748598
39464_at,0.022611644
39465_f_at,0.115640815
39466_s_at,0.21740289
39467_f_at,0.162800827
39468_r_at,0.117150957
39469_s_at,0.236988649
39470_at,-0.321555617
39471_at,0.068950091
39472_s_at,0.271579517
39473_r_at,-0.063730142
39474_s_at,0.204214475
39475_at,0.149469068
39476_at,0.250771174
39477_s_at,0.192632187
39478_at,0.177870689
39479_g_at,0.198004995
39480_s_at,0.210625639
39481_at,0.119966617
39482_at,0.011852912
39483_s_at,0.244250125
39484_at,0.005081046
39485_g_at,0.322802943
39486_s_at,0.173259956
39487_at,-0.004336359
39488_at,0.216027941
39489_g_at,0.041546458
39490_f_at,0.079392539
39491_s_at,0.049680858
39492_at,-0.031468752
39493_at,0.044341561
39494_at,-0.066069854
39495_at,-0.070444386
39496_s_at,0.137377825
39497_at,0.19630392
39498_at,0.145300781
39499_s_at,0.017984103
395_at,0.109597398
39500_s_at,0.197845476
39501_f_at,0.152872629
39502_at,0.118382608
39503_s_at,-0.143997314
39504_at,0.008624595
39505_at,0.273839293
39506_at,-0.297562927
39507_at,-0.05332718
39508_at,0.038276817
39509_at,0.098770347
39510_r_at,-0.087376335
39511_at,0.161326862
39512_s_at,-0.09881987
39513_r_at,-0.114620572
39514_s_at,0.03921452
39515_s_at,0.09720885
39516_at,0.380207064
39517_at,-0.302612062
39518_at,0.383838601
39519_at,0.047753991
39520_at,0.057798105
39521_at,-0.023268155
39522_at,-0.175434706
39523_at,-0.390507116
39524_at,0.183867385
39525_at,-0.163509332
39526_at,-0.03762267
39527_at,0.070961614
39528_at,0.05374613
39529_at,0.291586634
39530_at,0.067329989
39531_at,0.081921322
39532_at,-0.517295539
39533_at,0.033998347
39534_at,0.032475177
39535_at,0.124218334
39536_at,0.114501871
39537_at,-0.3236069
39538_at,0.049590312
39539_at,0.130654203
39540_at,0.100130109
39541_at,-0.200221064
39542_at,-0.545992595
39543_at,0.04095169
39544_at,-0.616035929
39545_at,-0.165113167
39546_s_at,0.16714845
39547_at,0.253839539
39548_at,-0.004228516
39549_at,-0.404287209
39550_at,0.998382802
39551_at,0.001604308
39552_at,-0.058218493
39553_at,0.10001744
39554_at,-0.007901167
39555_at,0.031684827
39556_at,-0.659764481
39557_at,0.047288175
39558_s_at,0.234501688
39559_at,0.236196156
39560_at,-0.11312807
39561_at,-0.063801203
39562_at,0.063961162
39563_at,0.136919858
39564_s_at,0.222218482
39565_at,-0.106629836
39566_at,0.052921731
39567_at,0.244963882
39568_g_at,0.159295608
39569_at,-0.029159959
39570_at,-0.010450049
39571_at,0.131143748
39572_at,-0.016156206
39573_at,0.137458363
39574_at,-0.080086171
39575_at,-1.268629441
39576_at,-0.147722359
39577_at,0.727491757
39578_at,-0.147110693
39579_at,-0.279456007
39580_at,-0.031822069
39581_at,0.056515193
39582_at,-0.239812191
39583_at,-0.011095956
39584_at,-0.094134791
39585_at,-0.045008272
39586_at,0.193736506
39587_at,0.113688388
39588_at,0.0224672
39589_at,0.008795466
39590_at,0.268538486
39591_s_at,0.008553461
39592_r_at,0.105398247
39593_at,0.218662116
39594_f_at,-0.279980853
39595_at,0.176308596
39596_at,0.051782707
39597_at,-0.444590775
39598_at,-0.253676638
39599_at,0.138427181
396_f_at,-0.134762268
39600_at,0.393117879
39601_at,0.130335484
39602_at,0.087930713
39603_at,0.010206955
39604_at,0.127697521
39605_at,0.54169686
39606_at,0.12953833
39607_at,-0.193580777
39608_at,-0.313070325
39609_at,0.051831753
39610_at,0.994722681
39611_at,-0.124283837
39612_at,0.213501209
39613_at,0.173761267
39614_at,-0.422155193
39615_at,0.152667934
39616_at,0.804658156
39617_at,-0.282364595
39618_at,0.041068938
39619_at,-0.010028748
39620_at,0.075083392
39621_at,-0.071662046
39622_at,0.069037744
39623_at,-0.444929298
39624_at,-0.045515351
39625_at,0.457013288
39626_s_at,-1.706380779
39627_at,0.014507609
39628_at,-0.067390074
39629_at,0.209165592
39630_at,0.243623854
39631_at,-1.315389772
39632_at,0.252911648
39633_at,-0.006483971
39634_at,0.304180218
39635_at,0.276069461
39636_at,0.155106256
39637_at,-0.012276034
39638_at,0.08591502
39639_s_at,0.008113787
39640_at,-0.155714235
39641_at,-0.02920438
39642_at,-0.492351946
39643_at,0.42749505
39644_at,-0.065170931
39645_r_at,0.04250679
39646_at,0.028140627
39647_s_at,0.037862958
39648_at,-0.335181027
39649_at,0.108167044
39650_s_at,-0.025411246
39651_at,0.232540111
39652_at,0.004528115
39653_at,0.232205001
39654_at,0.207003513
39655_at,-0.038241123
39656_at,-0.054568332
39657_at,0.003733169
39658_at,0.128909584
39659_at,0.304260809
39660_at,0.069495132
39661_s_at,0.274345035
39662_s_at,0.076197313
39663_at,-0.411958613
39664_at,0.024557626
39665_at,-0.326404937
39666_at,-0.300347005
39667_at,-0.020769395
39668_at,0.073094238
39669_at,-0.233043281
39670_at,-0.035602949
39671_at,0.212966324
39672_at,0.793796745
39673_i_at,0.219333418
39674_r_at,-0.001431653
39675_at,0.086642731
39676_at,0.0497751
39677_at,-0.036672732
39678_at,0.125360028
39679_at,0.262143184
39680_at,0.123075967
39681_at,0.292484533
39682_at,0.236194785
39683_at,-0.049269781
39684_at,0.123699308
39685_at,-0.310937187
39686_g_at,-0.289900528
39687_at,-0.008523662
39688_at,-0.016595327
39689_at,0.080663086
39690_at,-0.142002923
39691_at,-0.072302984
39692_at,-0.191094095
39693_at,-0.286698761
39694_at,-0.303098661
39695_at,0.035152665
39696_at,-2.87997392
39697_at,-0.071134504
39698_at,0.192349727
39699_at,0.022416428
39700_at,-0.446923087
39701_at,-1.989740153
39702_at,0.472616955
39703_at,0.262068972
39704_s_at,0.263129787
39705_at,-0.285433422
39706_at,-0.62195438
39707_at,-0.007914966
39708_at,0.219922667
39709_at,-0.122074166
39710_at,-1.723339353
39711_at,-0.39821374
39712_at,-0.141731785
39713_at,-0.12302509
39714_at,-0.21626434
39715_at,-0.263262541
39716_at,0.161325697
39717_g_at,0.325705311
39718_r_at,0.25294015
39719_at,0.157695707
39720_g_at,-0.006061382
39721_at,-0.055827244
39722_at,-0.002777571
39723_at,0.049729912
39724_s_at,0.13901081
39725_at,-0.105381352
39726_at,0.231324529
39727_at,-0.026480318
39728_at,0.418535645
39729_at,0.243158321
39730_at,0.179779944
39731_at,0.234890333
39732_at,-0.018494609
39733_at,-0.384943129
39734_at,0.247494809
39735_at,0.030550524
39736_at,0.300950945
39737_at,0.118657565
39738_at,-0.678054835
39739_at,0.174047375
39740_g_at,0.25613761
39741_at,0.123065606
39742_at,0.173927143
39743_at,0.361405806
39744_at,0.073374316
39745_at,0.226696612
39746_at,0.311965226
39747_at,0.304022308
39748_at,-0.119600526
39749_at,0.256432742
39750_at,-0.068835244
39751_at,0.284778707
39752_at,0.064808043
39753_at,-0.210045751
39754_at,-0.84143189
39755_at,-0.62053512
39756_g_at,-0.683896163
39757_at,-0.479028485
39758_f_at,-0.300963151
39759_at,0.158822029
39760_at,0.36553893
39761_at,-0.094969212
39762_at,0.1538587
39763_at,0.093232146
39764_at,-0.020414865
39765_at,-0.095427982
39766_r_at,0.168658062
39767_at,0.527314577
39768_at,0.070654231
39769_at,0.311375939
39770_at,0.022350765
39771_at,-0.329149685
39772_at,0.131405124
39773_at,-0.209868492
39774_at,0.1685715
39775_at,-0.024950477
39776_at,-0.148182868
39777_at,-0.001134034
39778_at,-0.012322654
39779_at,-0.190857579
39780_at,-0.129255395
39781_at,-1.048780161
39782_at,0.374968889
39783_at,0.171061838
39784_at,-0.108531914
39785_at,0.38024527
39786_at,0.113166256
39787_at,0.100755666
39788_at,0.113391365
39789_at,0.129147589
39790_at,-0.337262313
39791_at,-0.128541752
39792_at,0.272539757
39793_at,0.193064648
39794_at,-0.020854373
39795_at,-0.07163761
39796_at,0.345249911
39797_at,0.050500768
39798_at,0.168153826
39799_at,-0.09037308
398_at,0.233595963
39800_s_at,0.334161675
39801_at,-0.382887866
39802_at,0.080766032
39803_s_at,0.089173262
39804_at,0.004538996
39805_at,0.04804436
39806_at,0.360718863
39807_at,0.072077307
39808_at,0.080866095
39809_at,-0.435928268
39810_at,-0.028997722
39811_at,0.213834425
39812_at,0.372024192
39813_s_at,0.114992461
39814_s_at,-0.38964541
39815_at,0.07488419
39816_g_at,0.038224643
39817_s_at,0.268928467
39818_at,0.177184676
39819_at,-0.007086364
39820_at,0.088343192
39821_s_at,-0.088159991
39822_s_at,-0.396897801
39823_at,0.063631745
39824_at,0.214115354
39825_at,0.394240187
39826_f_at,0.381603463
39827_at,0.490419902
39828_at,0.134110875
39829_at,-0.885150997
39830_at,0.28769457
39831_at,0.288186551
39832_at,0.023586174
39833_at,-0.048849324
39834_at,0.142614859
39835_at,-0.290783332
39836_at,0.175849601
39837_s_at,0.046722426
39838_at,-0.309495505
39839_at,-0.257639237
39840_at,0.124141373
39841_at,-0.557826805
39842_at,-0.291966487
39843_at,0.169664313
39844_at,0.140627096
39845_at,0.233266883
39846_at,-0.089280674
39847_at,0.658477364
39848_at,0.069788713
39849_at,0.217804458
39850_at,0.128071247
39851_at,0.181937129
39852_at,-0.007905421
39853_at,0.131049862
39854_r_at,-0.125745531
39855_at,-0.088186388
39856_at,0.135474092
39857_at,-0.061899897
39858_s_at,-0.022200191
39859_r_at,0.155838573
39860_at,0.147305771
39861_at,0.186175021
39862_at,-0.117772302
39863_at,-0.110621785
39864_at,0.00523491
39865_at,0.173989944
39866_at,-0.176046381
39867_at,0.277730232
39868_at,-0.018381943
39869_at,0.109679748
39870_at,0.009011229
39871_at,0.100521427
39872_at,-0.151431558
39873_at,-0.27443904
39874_at,0.15014824
39875_at,-0.123238573
39876_at,-0.288231536
39877_at,0.147558752
39878_at,0.046545633
39879_s_at,-0.004464207
39880_at,0.024043395
39881_at,0.060889067
39882_at,0.525725391
39883_at,0.533148185
39884_g_at,0.708854155
39885_at,0.156037108
39886_at,-0.003208948
39887_at,0.290617386
39888_at,0.070941865
39889_at,0.251650656
39890_at,0.023600806
39891_at,0.001176049
39892_at,0.030427631
39893_at,-0.050480792
39894_f_at,-0.098607185
39895_r_at,0.164433107
39896_at,0.312132029
39897_at,-0.278208091
39898_at,0.056536568
39899_at,0.062576536
399_at,-0.26053596
39900_at,0.2174649
39901_at,0.06184318
39902_at,0.065415365
39903_at,0.306153088
39904_at,0.073348878
39905_i_at,-0.059469656
39906_r_at,0.028455581
39907_at,0.387503875
39908_at,0.068786583
39909_g_at,0.27459301
39910_at,0.111689694
39911_at,0.051475098
39912_at,-0.005675391
39913_at,0.03518441
39914_r_at,0.014914337
39915_at,0.136358412
39916_r_at,0.304995012
39917_at,0.214874324
39918_at,0.085942081
39919_at,-0.070641253
39920_r_at,-0.023388975
39921_at,0.651780923
39922_at,0.073691697
39923_at,-0.31110594
39924_at,-0.071341314
39925_at,-0.004126438
39926_at,0.193999495
39927_at,-0.279394164
39928_at,0.324266353
39929_at,0.040021261
39930_at,-0.214929424
39931_at,0.572594065
39932_at,-0.145813581
39933_at,0.003736306
39934_at,-0.112067714
39935_at,0.316831912
39936_at,-0.188335659
39937_at,0.043283853
39938_g_at,0.083468078
39939_at,-0.879731801
39940_at,0.182331411
39941_at,0.07409438
39942_at,-0.114768661
39943_at,0.09839205
39944_at,0.472206821
39945_at,-0.646647921
39946_at,0.168956414
39947_at,-0.160132906
39948_at,-0.034386516
39949_at,0.084635227
39950_at,-0.194307596
39951_at,-0.073663649
39952_at,0.017465442
39953_i_at,0.255060184
39954_r_at,0.05394754
39955_at,0.409549956
39956_at,0.171206531
39957_at,-0.055013352
39958_at,-0.099710847
39959_at,-0.18481473
39960_at,-0.1431021
39961_at,0.019012287
39962_at,0.937613191
39963_at,0.10544054
39964_at,-0.703442479
39965_at,0.258800357
39966_at,0.417874277
39967_at,-1.017555844
39968_at,0.024886265
39969_at,0.577054028
39970_at,0.0926038
39971_at,1.213674874
39972_at,0.064789557
39973_at,-0.146135944
39974_at,0.139286831
39975_at,-0.035709265
39976_at,-0.179716212
39977_at,0.122531382
39978_at,0.086706313
39979_at,-0.029469519
39980_at,0.641059507
39981_at,0.075030662
39982_r_at,0.077129627
39983_at,0.236698245
39984_g_at,0.180361958
39985_r_at,0.15787694
39986_at,-0.049863672
39987_at,0.163808143
39988_at,-0.071238673
39989_at,0.073181833
39990_at,0.023052273
39991_at,0.106860569
39992_at,-0.097805635
39993_at,0.239895329
39994_at,-0.263140907
39995_s_at,-0.160423092
39996_at,0.064017074
39997_at,0.219092383
39998_at,0.06234347
39999_at,0.088471763
400_at,0.247580898
40000_f_at,0.089542263
40001_r_at,0.037734993
40002_r_at,0.035283157
40003_at,0.074270481
40004_at,-0.052705219
40005_at,0.070554662
40006_at,0.069993007
40007_at,0.298418094
40008_at,0.033808299
40009_at,0.133496333
40010_s_at,0.156845201
40011_s_at,0.082667231
40012_at,-0.090937768
40013_at,1.038129356
40014_at,0.12356997
40015_at,0.05295855
40016_g_at,-0.071846446
40017_at,0.196706491
40018_at,0.114711521
40019_at,-0.643350565
40020_at,-0.26963254
40021_at,0.165469272
40022_at,-0.08868999
40023_at,-0.135818379
40024_at,-0.073629158
40025_at,0.172227236
40026_g_at,0.191257845
40027_at,0.055150267
40028_at,0.186840557
40029_at,0.012602278
40030_at,0.207490359
40031_at,0.170737249
40032_at,0.301207893
40033_at,0.002201815
40034_r_at,0.015926117
40035_at,-0.800463317
40036_at,0.615795144
40037_at,0.080197941
40038_at,0.168121173
40039_g_at,0.083985103
40040_at,0.339203636
40041_at,0.436894245
40042_r_at,0.001601959
40043_at,-0.163617776
40044_at,0.137182424
40045_g_at,-0.064097154
40046_r_at,-0.598436314
40047_at,0.139408694
40048_at,-0.067162376
40049_at,-0.320706276
40050_at,-0.147559292
40051_at,-0.807129505
40052_at,-0.012696514
40053_at,0.135011647
40054_at,0.300479147
40055_s_at,0.124293805
40056_at,0.143153915
40057_at,0.228252435
40058_s_at,0.228182593
40059_r_at,0.276945526
40060_r_at,0.319222617
40061_at,-0.021467613
40062_s_at,1.520651067
40063_at,-0.089294414
40064_at,-0.10357291
40065_s_at,0.126945187
40066_at,-0.210060182
40067_at,-0.01943121
40068_at,0.00759971
40069_at,-0.804999161
40070_at,-0.043930573
40071_at,-1.321353248
40072_at,0.326710252
40073_at,0.293394136
40074_at,0.313807918
40075_at,-0.003136486
40076_at,0.0397082
40077_at,-0.46756567
40078_at,-1.96236881
40079_at,-1.406600784
40080_at,0.11192743
40081_at,-0.148414829
40082_at,-0.017965745
40083_at,-0.210190575
40084_at,0.108443458
40085_s_at,-0.182653796
40086_at,0.041355297
40087_at,-0.217016026
40088_at,-0.002255301
40089_at,0.227314608
40090_at,0.192490032
40091_at,-0.264988027
40092_at,-0.024541054
40093_at,-0.069303209
40094_r_at,0.195375283
40095_at,-0.477827035
40096_at,-0.093352497
40097_at,-0.140050886
40098_at,0.093331451
40099_at,-0.126622187
401_s_at,0.002755116
40100_at,-0.188859862
40101_g_at,-0.116979364
40102_at,-0.041437285
40103_at,-0.067846792
40104_at,-0.181029474
40105_at,0.165550445
40106_at,-0.083761114
40107_at,-0.300050863
40108_at,-0.322322792
40109_at,-0.226452476
40110_at,0.31166271
40111_g_at,0.273683761
40112_at,0.318347796
40113_at,-0.508882013
40114_at,-2.557050884
40115_at,0.455020754
40116_at,-0.283911125
40117_at,0.234369609
40118_at,0.376935334
40119_at,-0.183388042
40120_at,-0.198528999
40121_at,0.010669836
40122_at,-0.173535007
40123_at,-0.14613434
40124_at,0.189166913
40125_at,-0.040023143
40126_at,-0.27766309
40127_at,-0.730879733
40128_at,-0.010152617
40129_at,0.011834406
40130_at,0.045128157
40131_at,0.265842405
40132_g_at,0.090093301
40133_s_at,0.242312296
40134_at,0.491771651
40135_at,-0.025887234
40136_at,-0.149969452
40137_at,0.333145451
40138_at,0.070287925
40139_at,0.342319402
40140_at,-0.183158744
40141_at,-0.021691451
40142_at,0.151951721
40143_at,0.051674041
40144_at,-0.064429432
40145_at,-0.256947562
40146_at,0.206015485
40147_at,-0.040992773
40148_at,-0.247162704
40149_at,-0.113178025
40150_at,0.35678581
40151_s_at,-0.362496947
40152_r_at,-0.01702553
40153_at,-0.144611457
40154_at,0.064308384
40155_at,-0.834463238
40156_at,0.036219578
40157_s_at,0.252249513
40158_r_at,0.123545261
40159_r_at,-0.032016381
40160_at,0.43235973
40161_at,0.017383058
40162_s_at,0.1124442
40163_r_at,0.003251697
40164_at,-0.302967349
40165_at,-0.40516788
40166_at,0.368655179
40167_s_at,-0.239292002
40168_at,0.223137352
40169_at,-0.16334782
40170_at,0.166376835
40171_at,0.092655657
40172_g_at,0.12656227
40173_at,0.140757815
40174_at,0.170829053
40175_at,-0.086449216
40176_at,0.296055034
40177_at,-0.000634438
40178_at,0.153249465
40179_at,0.200035384
40180_at,-0.036726222
40181_f_at,0.144220905
40182_s_at,-0.358289009
40183_at,0.168909484
40184_at,-0.248177143
40185_at,-0.026946277
40186_at,-0.454127348
40187_at,0.389202234
40188_f_at,0.206955398
40189_at,0.388427964
40190_at,-0.021039114
40191_s_at,-0.127810229
40192_at,-0.036239174
40193_at,-1.136540284
40194_at,0.074691085
40195_at,0.126539333
40196_at,-0.075002686
40197_at,0.176859771
40198_at,-0.332261047
40199_at,0.04639805
402_s_at,0.147174795
40200_at,0.00088292
40201_at,-0.318322963
40202_at,-0.350497568
40203_at,0.417967339
40204_at,0.11301798
40205_g_at,0.29661582
40206_at,-0.083542266
40207_g_at,-0.026333747
40208_at,-0.020058046
40209_at,0.201176482
40210_at,-0.128184676
40211_at,0.171866983
40212_at,0.098505635
40213_at,-1.129579348
40214_at,0.035218704
40215_at,0.385947508
40216_at,0.108767339
40217_s_at,-0.179987552
40218_at,-0.225235632
40219_at,0.19499226
40220_at,0.067640773
40221_at,-0.180912004
40222_s_at,0.070378328
40223_r_at,0.128174007
40224_s_at,0.047728255
40225_at,-0.042964249
40226_at,0.259050522
40227_at,-0.047040138
40228_at,0.102326893
40229_at,0.104046638
40230_at,0.101704154
40231_at,0.076033059
40232_at,0.248565043
40233_at,0.17894885
40234_at,0.165237883
40235_at,-0.01521319
40236_at,0.028153464
40237_at,0.005381805
40238_at,-0.202806059
40239_g_at,-0.037616062
40240_at,-0.301917418
40241_at,0.13668669
40242_at,0.563070039
40243_at,0.058702995
40244_s_at,-0.046087782
40245_at,0.023020005
40246_at,-0.065480461
40247_at,0.116792127
40248_at,0.080632699
40249_at,0.286417292
40250_at,0.326455557
40251_at,0.351651698
40252_g_at,0.012683689
40253_at,0.072501712
40254_s_at,0.179916986
40255_at,0.022602897
40256_at,0.081536067
40257_at,0.018177318
40258_at,-0.208540725
40259_at,0.050355548
40260_g_at,-0.13411292
40261_at,0.231868973
40262_at,0.049518535
40263_at,0.081312131
40264_g_at,0.094364351
40265_s_at,0.079226254
40266_at,-0.048944788
40267_s_at,0.03327822
40268_at,-0.22166323
40269_at,0.30540238
40270_at,0.151511968
40271_at,0.08915436
40272_at,-0.19812808
40273_at,-0.08004933
40274_at,-0.06990518
40275_at,-0.008679194
40276_at,0.203470752
40277_at,0.002164944
40278_at,0.289184332
40279_at,-0.56866204
40280_at,-0.008210964
40281_at,-0.282749268
40282_s_at,0.280959793
40283_at,0.129275425
40284_at,0.02555157
40285_at,0.472220379
40286_r_at,-0.07796847
40287_s_at,0.155304822
40288_r_at,0.086049232
40289_at,0.250644075
40290_f_at,-0.158281488
40291_r_at,0.012691352
40292_at,0.090496211
40293_at,0.137099802
40294_at,0.197983729
40295_at,0.025965145
40296_at,-0.04449496
40297_at,-0.207326683
40298_at,0.11920815
40299_at,0.005965781
403_s_at,0.157349681
40300_g_at,-0.070116394
40301_at,-0.038888491
40302_at,0.073122478
40303_at,-0.517113723
40304_at,-0.080235483
40305_r_at,-0.137023626
40306_at,0.341202415
40307_at,0.268467638
40308_at,0.117224186
40309_at,-0.648134495
40310_at,-0.016679975
40311_at,0.628003646
40312_at,0.151624946
40313_at,-0.078463571
40314_at,0.787102356
40315_at,-0.231534362
40316_at,0.172370018
40317_at,0.014974751
40318_at,0.150198031
40319_at,0.156082441
40320_at,0.789647493
40321_at,0.052777276
40322_at,0.209237193
40323_at,-0.200161129
40324_r_at,0.170025268
40325_at,0.165448132
40326_at,0.121479823
40327_at,0.094600771
40328_at,-0.287891592
40329_at,-0.076558923
40330_at,-0.154916808
40331_at,0.141067574
40332_at,-0.292616675
40333_at,-0.400585554
40334_at,0.266384079
40335_at,0.001602239
40336_at,0.52816474
40337_at,0.433717715
40338_at,0.048025612
40339_at,0.011622598
40340_at,-0.019694192
40341_at,0.231056624
40342_at,0.030157393
40343_at,0.553560502
40344_at,-0.22393716
40345_at,-0.019726065
40346_at,0.131503673
40347_at,0.344793381
40348_s_at,0.287619686
40349_at,0.11774124
40350_at,-0.666183091
40351_at,-0.050339462
40352_at,0.045290746
40353_at,-0.373613063
40354_at,0.288632702
40355_at,-0.006152032
40356_at,-0.090851267
40357_at,0.282545368
40358_at,-0.229864527
40359_at,0.013533824
40360_at,0.023444475
40361_at,0.034916714
40362_at,-0.05237777
40363_r_at,0.142853303
40364_at,0.212986906
40365_at,-0.637851245
40366_at,0.119761524
40367_at,-0.443728195
40368_r_at,-0.248879808
40369_f_at,-0.532398772
40370_f_at,-0.676436677
40371_at,0.119050175
40372_at,-0.090924004
40373_at,0.018134669
40374_at,0.016200736
40375_at,-0.624054577
40376_at,0.040733324
40377_at,0.159356175
40378_at,0.189826177
40379_at,0.038714435
40380_at,0.113369701
40381_at,0.134956316
40382_at,-0.017692443
40383_at,0.134325973
40384_at,0.058597958
40385_at,-1.118261295
40386_r_at,-1.123133316
40387_at,-0.571948282
40388_at,-0.016782329
40389_at,0.024691581
40390_at,0.062203739
40391_at,0.29296365
40392_at,0.227241345
40393_at,-0.135966421
40394_at,-0.151433339
40395_at,-0.030197282
40396_at,-0.233804343
40397_at,0.127863085
40398_s_at,-0.266541189
40399_r_at,-0.053394062
404_at,-0.388194961
40400_at,-0.012739457
40401_at,-0.240109719
40402_at,0.162698226
40403_at,0.067807835
40404_s_at,0.159036169
40405_at,-0.080786434
40406_at,0.127125006
40407_at,0.090229268
40408_at,0.496158896
40409_at,-1.09512089
40410_at,-0.005739648
40411_at,-0.082036409
40412_at,0.233743902
40413_at,0.603573398
40414_at,0.440570803
40415_at,-0.016589205
40416_at,-0.023423889
40417_at,0.360282285
40418_at,0.100598813
40419_at,-0.324397121
40420_at,-0.060630304
40421_at,0.124239154
40422_at,-1.557802575
40423_at,-0.507335676
40424_at,-0.084591659
40425_at,-0.608720708
40426_at,-0.016261374
40427_at,0.279343135
40428_i_at,0.42705982
40429_r_at,0.288718766
40430_at,0.204322958
40431_at,-0.192017023
40432_at,-0.390903332
40433_at,-0.13614395
40434_at,-1.449422413
40435_at,-0.03506865
40436_g_at,-0.026204273
40437_at,-0.052261833
40438_at,-0.019971138
40439_at,-0.212803598
40440_at,0.04740294
40441_g_at,0.24968328
40442_f_at,0.128443258
40443_at,-0.028182312
40444_s_at,-0.290050006
40445_at,-0.091843683
40446_at,0.097943005
40447_at,0.084337743
40448_at,-0.448839168
40449_at,0.134411447
40450_at,-0.168261046
40451_at,0.027891572
40452_at,-0.416651167
40453_s_at,0.094053274
40454_at,-1.131279747
40455_at,-0.206007499
40456_at,-0.033166532
40457_at,0.292975761
40458_at,0.560175139
40459_at,-0.136386445
40460_s_at,0.067399361
40461_at,-0.133118942
40462_at,-0.111198427
40463_at,0.699207516
40464_g_at,0.355751489
40465_at,-0.086261498
40466_at,-0.027044538
40467_at,0.566100358
40468_at,-0.491784792
40469_at,0.138940788
40470_at,-0.199459411
40471_at,-0.006666021
40472_at,-0.385973404
40473_at,-0.241105834
40474_r_at,-0.010991574
40475_at,0.068145754
40476_s_at,0.104655202
40477_r_at,0.2287322
40478_at,0.097772253
40479_at,0.053506338
40480_s_at,-0.614547544
40481_r_at,-0.016167641
40482_s_at,0.309628668
40483_at,0.125653131
40484_g_at,0.066303475
40485_at,0.364772495
40486_g_at,0.159378382
40487_at,0.198991322
40488_at,0.052324517
40489_at,-0.111788191
40490_at,0.890399012
40491_at,0.02064415
40492_at,-0.163480791
40493_at,-1.861682102
40494_at,0.023998387
40495_at,-0.210297727
40496_at,-0.471799968
40497_at,-0.033032139
40498_g_at,0.190066307
40499_r_at,-0.02686783
405_at,-0.003649023
40500_at,0.080916069
40501_s_at,0.030731787
40502_r_at,0.093898137
40503_at,0.356984337
40504_at,-0.691802453
40505_at,-0.593863905
40506_s_at,0.246850779
40507_at,0.07177176
40508_at,-0.266135245
40509_at,0.427275546
40510_at,0.285968653
40511_at,-1.975065084
40512_at,-0.098146792
40513_at,0.035210813
40514_at,-0.488812261
40515_at,0.021308079
40516_at,-1.280104247
40517_at,0.212475215
40518_at,0.413904537
40519_at,0.405683521
40520_g_at,0.19063751
40521_at,-0.187975729
40522_at,0.638299727
40523_at,0.148034007
40524_at,-0.001239411
40525_at,0.191196938
40526_at,0.202160513
40527_at,-0.058402562
40528_at,0.236487335
40529_at,0.252091066
40530_at,-0.02133344
40531_at,0.253292959
40532_at,0.047707246
40533_at,0.477478457
40534_at,0.011216434
40535_i_at,0.268741926
40536_f_at,0.447183963
40537_at,0.417201281
40538_at,0.072009226
40539_at,0.022106822
40540_at,0.208938456
40541_at,-0.812344545
40542_at,0.150801365
40543_at,0.226219187
40544_g_at,0.007303997
40545_at,-0.199374224
40546_s_at,0.656286835
40547_at,0.26591133
40548_at,-0.211303031
40549_at,0.172579377
40550_at,0.051948808
40551_at,0.190961494
40552_s_at,-0.346736748
40553_at,-0.06758946
40554_at,0.055075184
40555_at,-0.108684836
40556_at,-0.977779142
40557_at,0.099172918
40558_at,0.110259531
40559_at,0.11427068
40560_at,-0.196769784
40561_at,0.190438437
40562_at,-0.276540326
40563_at,-0.021878031
40564_at,0.073155444
40565_at,0.049193665
40566_at,0.143297348
40567_at,-1.467130054
40568_at,0.025400293
40569_at,0.139553289
40570_at,-0.326842255
40571_at,-1.534754426
40572_at,0.144086413
40573_s_at,0.180577344
40574_at,-0.093004256
40575_at,-0.166093866
40576_f_at,0.187308261
40577_at,0.093334216
40578_s_at,0.811955229
40579_at,-0.090066462
40580_r_at,-0.334699263
40581_at,-0.79314389
40582_at,0.097762183
40583_at,-0.162978642
40584_at,0.184155371
40585_at,0.507378066
40586_at,0.743264155
40587_s_at,0.784690284
40588_r_at,0.665237725
40589_at,-0.376976311
40590_at,0.186110275
40591_at,0.204400328
40592_at,0.025071587
40593_at,0.187862958
40594_r_at,0.069969211
40595_at,0.205494661
40596_at,0.11279957
40597_g_at,0.072244219
40598_at,0.043968793
40599_at,0.030730233
406_at,-0.425394323
40600_at,0.197529071
40601_at,0.267179921
40602_at,-0.109938346
40603_at,0.136988836
40604_at,0.074904264
40605_at,-0.038655966
40606_at,-0.184247735
40607_at,-2.140949386
40608_at,-0.238848682
40609_at,-0.050720554
40610_at,0.07902878
40611_s_at,0.184894644
40612_at,0.116903905
40613_at,-0.022096345
40614_at,-0.00874288
40615_at,0.10736728
40616_at,0.304406337
40617_at,0.284731095
40618_at,-0.247488624
40619_at,0.025040307
40620_at,0.051248985
40621_at,-1.215115458
40622_r_at,-0.019794359
40623_at,-0.149947408
40624_at,0.045182873
40625_f_at,0.232363476
40626_at,-0.038216983
40627_at,0.306050256
40628_at,0.183228552
40629_at,0.40882775
40630_at,0.018696931
40631_at,-0.748041876
40632_at,-0.078952996
40633_at,-0.054702012
40634_at,-0.167893331
40635_at,-0.194256077
40636_at,0.045054262
40637_at,0.0347716
40638_at,0.329050982
40639_at,0.166413744
40640_at,0.078739265
40641_at,-0.009951309
40642_at,-0.444664021
40643_at,0.28878497
40644_g_at,0.10085291
40645_at,-0.030693995
40646_at,-1.442260337
40647_at,0.645633014
40648_at,0.037489854
40649_at,-0.247211665
40650_r_at,0.085226395
40651_s_at,0.069002453
40652_at,-0.076303028
40653_at,0.228747806
40654_at,0.493735165
40655_at,0.121851017
40656_at,0.052366064
40657_r_at,0.132725779
40658_r_at,0.016110319
40659_at,-0.039217156
40660_at,0.31498851
40661_at,0.159129942
40662_g_at,0.02598344
40663_at,0.000374459
40664_at,0.194464315
40665_at,0.380054416
40666_at,0.060977116
40667_at,-0.081459063
40668_s_at,-0.021748951
40669_at,0.360166294
40670_at,-0.163584738
40671_g_at,-0.640710012
40672_at,-0.244664688
40673_at,-0.387832305
40674_s_at,0.036957903
40675_r_at,0.012366846
40676_at,0.260412732
40677_at,0.158515525
40678_at,-0.201562627
40679_at,0.017893663
40680_at,-0.033248016
40681_at,-0.086932831
40682_at,0.074212902
40683_at,-0.044147485
40684_at,0.046553063
40685_at,-0.228934389
40686_at,-0.281455234
40687_at,0.056820343
40688_at,-0.17892128
40689_at,0.060077865
40690_at,0.008606432
40691_at,0.214262969
40692_at,0.004702582
40693_at,-0.090898486
40694_at,0.220464466
40695_at,0.082388632
40696_at,-0.00492488
40697_at,0.472206647
40698_at,-0.397327016
40699_at,0.06924912
407_at,0.169747349
40700_at,0.164184065
40701_at,-0.72013491
40702_at,0.173430993
40703_at,0.12730503
40704_at,-0.096606962
40705_at,0.087549424
40706_at,0.080285891
40707_at,0.27729754
40708_at,0.205860985
40709_at,0.222927311
40710_at,-0.38528969
40711_at,0.129790522
40712_at,0.115882674
40713_at,0.328281355
40714_at,0.145225591
40715_at,-0.1601021
40716_at,-0.016263222
40717_at,-0.506800819
40718_at,0.125837617
40719_at,0.237285575
40720_at,-0.326216323
40721_g_at,0.01120085
40722_at,0.25296166
40723_at,-0.01373001
40724_at,0.197111087
40725_at,0.388395568
40726_at,-0.113156362
40727_at,0.621102983
40728_at,0.085713116
40729_s_at,-0.04051089
40730_at,0.025003761
40731_at,0.095138782
40732_at,0.042509951
40733_f_at,-0.124520834
40734_r_at,-0.048189559
40735_at,-0.034746133
40736_at,0.219361801
40737_at,-0.111245831
40738_at,0.206599101
40739_at,0.021573888
40740_at,-0.088171478
40741_at,0.020452499
40742_at,0.208243579
40743_at,0.088826675
40744_at,0.088406719
40745_at,0.036243081
40746_at,0.037545665
40747_at,0.045876215
40748_at,0.195253764
40749_at,-0.109146098
40750_at,0.127185971
40751_at,-0.072905982
40752_at,0.11158074
40753_at,0.097458334
40754_at,0.3842268
40755_at,0.091571629
40756_at,0.124918168
40757_at,0.21266724
40758_at,0.587415142
40759_at,-0.079782357
40760_at,0.094522635
40761_at,0.007091879
40762_g_at,0.001776468
40763_at,0.029306688
40764_at,0.108725785
40765_at,-0.23872979
40766_at,-0.332272461
40767_at,0.072600747
40768_s_at,0.571609744
40769_r_at,0.415059013
40770_f_at,0.105164672
40771_at,0.224043357
40772_at,0.160117761
40773_at,0.226871347
40774_at,0.193984532
40775_at,-0.180215545
40776_at,0.055695169
40777_at,-0.811836861
40778_at,0.339651293
40779_at,-0.170319216
40780_at,-1.196697298
40781_at,-0.09391344
40782_at,0.345485167
40783_s_at,0.382027498
40784_at,0.778477696
40785_g_at,0.591082293
40786_at,0.183308993
40787_at,-0.030445718
40788_at,0.393843118
40789_at,0.602948776
40790_at,-0.571947172
40791_at,-0.178893064
40792_s_at,-0.468504528
40793_s_at,0.197020912
40794_at,0.156009981
40795_at,-0.209416945
40796_at,0.2437463
40797_at,-0.307458223
40798_s_at,-0.391414182
40799_at,-0.008724994
408_at,-0.522278698
40800_at,0.189524602
40801_at,0.256054658
40802_at,0.279081779
40803_at,-0.752978823
40804_at,0.203870709
40805_at,-0.33906064
40806_at,-0.040384904
40807_at,0.007592245
40808_at,0.30782966
40809_at,0.135450381
40810_at,0.277623174
40811_at,0.215946239
40812_at,-0.03931191
40813_at,-0.242672935
40814_at,0.109860232
40815_g_at,-0.106198325
40816_at,0.236505961
40817_at,-0.169068032
40818_at,-0.371539875
40819_at,-0.070166066
40820_at,-0.010652183
40821_at,0.107996865
40822_at,-0.012335116
40823_s_at,0.111976986
40824_at,0.016649208
40825_at,0.215149065
40826_at,0.049832132
40827_at,0.289006107
40828_at,-0.221229176
40829_at,-0.010123044
40830_at,0.046741324
40831_at,-0.044415702
40832_s_at,-0.142395102
40833_r_at,-0.15560538
40834_at,-0.290737566
40835_at,0.084842867
40836_s_at,-0.020774736
40837_at,0.031557194
40838_at,-0.247453692
40839_at,-0.562094148
40840_at,0.154970766
40841_at,-0.370552802
40842_at,0.136123522
40843_at,-0.014509008
40844_at,0.188323043
40845_at,-0.219029372
40846_g_at,-0.161337388
40847_at,-0.077559868
40848_g_at,-0.158678163
40849_s_at,-0.055130688
40850_at,-0.184833898
40851_r_at,-0.070180736
40852_at,-0.072388587
40853_at,-0.485380117
40854_at,0.3905688
40855_at,-0.180354067
40856_at,-0.102665385
40857_f_at,-0.003941341
40858_at,0.071824254
40859_at,-0.171173641
40860_s_at,0.36547763
40861_at,-0.212922937
40862_i_at,0.301331398
40863_r_at,0.291772083
40864_at,-0.296645212
40865_at,0.562217616
40866_at,-0.288782748
40867_at,-0.249072649
40868_at,0.314200529
40869_at,0.134511084
40870_g_at,0.116328932
40871_at,0.071316344
40872_at,0.610917163
40873_at,-0.069873285
40874_at,-0.247022524
40875_s_at,0.054098002
40876_at,0.059208177
40877_s_at,0.201265335
40878_f_at,0.183484419
40879_at,-0.117516863
40880_r_at,0.016647851
40881_at,-0.075462894
40882_at,0.015681956
40883_at,0.021469096
40884_g_at,-0.119507087
40885_s_at,-0.456665197
40886_at,-0.06919159
40887_g_at,-0.03990537
40888_f_at,0.006426638
40889_at,0.361962973
40890_at,0.151879026
40891_f_at,0.615002994
40892_s_at,0.264402597
40893_at,-0.125879397
40894_at,0.059739636
40895_g_at,0.098140288
40896_at,-0.00695556
40897_at,9.83E-05
40898_at,-0.268409352
40899_at,-0.607465874
409_at,-0.110832368
40900_at,0.599351855
40901_at,-0.182760227
40902_at,0.074757935
40903_at,-0.147950005
40904_at,0.017624758
40905_s_at,0.314367035
40906_at,0.003360455
40907_at,0.154838928
40908_r_at,0.201494117
40909_at,0.035340818
40910_at,0.267170257
40911_at,0.001879229
40912_s_at,-0.000610348
40913_at,-0.376239098
40914_s_at,0.182895157
40915_r_at,0.210760485
40916_at,1.220401267
40917_at,0.095523486
40918_at,0.065190691
40919_at,0.097351933
40920_at,-0.013123943
40921_at,0.213348849
40922_at,0.239870896
40923_at,0.142803748
40924_at,0.025818499
40925_at,-0.210076003
40926_at,-0.277021689
40927_at,0.016872601
40928_at,-0.07451269
40929_at,0.435234438
40930_at,0.121840677
40931_at,0.278722025
40932_at,0.050842834
40933_f_at,0.151744666
40934_at,0.050130824
40935_at,0.155996332
40936_at,-2.028587555
40937_at,0.035104186
40938_at,0.024126925
40939_at,0.002396191
40940_at,0.112034957
40941_at,0.141052152
40942_g_at,0.17734699
40943_at,0.424808208
40944_at,0.079504685
40945_at,0.191395605
40946_at,0.195294358
40947_at,0.090525091
40948_at,0.295712351
40949_at,0.04343057
40950_at,0.120515248
40951_at,0.099590694
40952_at,0.08429595
40953_at,-2.43161676
40954_at,-0.239947721
40955_at,0.035012004
40956_at,0.167150446
40957_at,0.265189634
40958_at,0.070582435
40959_at,0.015914465
40960_at,-0.040763636
40961_at,-0.584752967
40962_s_at,-0.316404051
40963_at,-0.043974487
40964_at,-0.33723052
40965_at,-0.131007452
40966_at,-0.661334145
40967_at,0.12403828
40968_at,0.042041016
40969_at,0.098274864
40970_at,0.232968416
40971_at,-0.284686616
40972_at,0.179664407
40973_at,-0.27463988
40974_at,0.416635089
40975_s_at,0.086313167
40976_at,0.065874143
40977_f_at,0.14468466
40978_s_at,0.140089203
40979_at,-0.002883486
40980_at,-0.210830917
40981_at,0.092629133
40982_at,0.45386228
40983_s_at,0.10181866
40984_at,0.16530337
40985_g_at,0.065083181
40986_s_at,0.040150795
40987_at,0.121343977
40988_at,0.147693138
40989_at,0.210546552
40990_at,-0.476757252
40991_at,0.128114019
40992_s_at,0.042755255
40993_r_at,0.046403721
40994_at,-0.266876758
40995_at,0.175589123
40996_s_at,0.017083956
40997_at,-0.008982961
40998_at,-0.083049783
40999_at,0.027750897
410_s_at,0.448428577
41000_at,-0.984778704
41001_at,0.0999218
41002_at,0.024020718
41003_at,-0.065252671
41004_at,0.039527643
41005_at,0.061955331
41006_at,0.316381916
41007_at,0.021820188
41008_at,-0.30564408
41009_at,0.209161953
41010_at,0.062524975
41011_i_at,-0.074885686
41012_r_at,-0.034073977
41013_at,0.273040081
41014_s_at,0.103885643
41015_at,0.164255382
41016_at,-0.022515148
41017_at,0.044958039
41018_at,-0.022049638
41019_at,0.166142175
41020_at,0.042702932
41021_s_at,0.062277751
41022_r_at,-0.158044951
41023_at,0.180225922
41024_f_at,1.731967499
41025_r_at,1.086129382
41026_f_at,1.044233409
41027_at,-0.538222494
41028_at,0.279536376
41029_at,0.293583469
41030_at,0.042719973
41031_at,0.170003608
41032_at,-0.063991903
41033_at,-0.317007864
41034_s_at,0.033660544
41035_at,0.049414232
41036_at,-0.102282309
41037_at,0.102802997
41038_at,0.110336074
41039_at,-0.055960635
41040_at,0.395620694
41041_s_at,0.219806035
41042_r_at,0.203108967
41043_at,0.047087093
41044_at,0.044899404
41045_at,-0.089945231
41046_s_at,-0.168287757
41047_at,0.243913902
41048_at,-0.365118806
41049_at,-1.04718386
41050_at,0.122999604
41051_at,0.230347311
41052_s_at,0.050949871
41053_at,0.399824101
41054_at,0.047892968
41055_at,0.078565358
41056_at,-0.022518017
41057_at,0.794497468
41058_g_at,0.658852521
41059_at,-0.087454996
41060_at,0.201698368
41061_at,-0.155718329
41062_at,0.308877837
41063_g_at,0.208052914
41064_at,0.094030931
41065_at,0.071454691
41066_at,-0.007793148
41067_at,0.086071081
41068_at,0.231603552
41069_at,0.09482062
41070_r_at,0.153533991
41071_at,0.151566818
41072_at,0.127870379
41073_at,-0.183444701
41074_at,-0.038086699
41075_at,0.063775389
41076_at,0.046748065
41077_at,-0.188625485
41078_at,-0.122712387
41079_at,0.056194745
41080_at,0.183687955
41081_at,0.089075968
41082_at,-0.02040718
41083_at,-0.11410126
41084_at,-0.306998069
41085_at,0.308617087
41086_at,-0.156738969
41087_at,0.043418899
41088_at,0.015736203
41089_at,-0.020315988
41090_s_at,0.254195288
41091_at,0.142030566
41092_at,0.097106973
41093_at,0.28154507
41094_at,0.134972473
41095_at,0.050705515
41096_at,0.05667529
41097_at,-0.03863234
41098_at,-0.202780124
41099_at,0.0247492
411_i_at,0.09446511
41100_at,0.146217839
41101_at,-0.050687684
41102_at,0.256990754
41103_at,0.033681943
41104_at,0.011133531
41105_s_at,0.165741298
41106_at,0.219191078
41107_at,0.011614007
41108_at,0.022796948
41109_at,-0.112956226
41110_at,0.190785024
41111_at,0.210071033
41112_at,0.093031529
41113_at,0.19364663
41114_at,-0.082393555
41115_s_at,0.107750531
41116_at,0.180278079
41117_s_at,0.037019363
41118_at,0.126702544
41119_f_at,0.144752794
41120_at,-0.080282935
41121_at,-0.036707626
41122_at,0.137389095
41123_s_at,-0.379778756
41124_r_at,-0.16478326
41125_r_at,0.07785697
41126_at,-0.067085491
41127_at,-0.096979579
41128_at,0.420712709
41129_at,0.361912329
41130_at,0.055352607
41131_f_at,0.056129108
41132_r_at,-0.125674025
41133_at,0.116285501
41134_at,-0.101747082
41135_at,-0.086069184
41136_s_at,-1.78916133
41137_at,0.05213234
41138_at,-0.997585593
41139_at,-0.655612151
41140_at,-0.111189322
41141_at,0.202806348
41142_at,-0.014629684
41143_at,-0.273627615
41144_g_at,-0.398274053
41145_at,-0.136918249
41146_at,0.085213106
41147_at,-0.115255694
41148_at,0.135743396
41149_at,0.353037006
41150_r_at,0.070571932
41151_at,0.00401491
41152_f_at,0.166548764
41153_f_at,-0.221738703
41154_r_at,-0.195546635
41155_at,-0.396562375
41156_g_at,-0.276323353
41157_at,0.130807803
41158_at,-1.024171266
41159_at,0.078103585
41160_at,0.012898118
41161_at,0.118763293
41162_at,0.26163227
41163_at,0.065663566
41164_at,0.137823322
41165_g_at,0.012600752
41166_at,0.085238082
41167_at,0.019839825
41168_at,-0.478413499
41169_at,-0.106910117
41170_at,-0.143373102
41171_at,-0.12724604
41172_at,-0.084630156
41173_at,0.018743607
41174_at,-0.302740342
41175_at,-0.182518594
41176_at,-0.67675186
41177_at,-1.266012393
41178_at,0.225883417
41179_at,-0.198504775
41180_i_at,0.17030366
41181_r_at,0.037909593
41182_at,-1.513271421
41183_at,0.110777787
41184_s_at,-0.591157841
41185_f_at,0.296083571
41186_at,-0.23730681
41187_at,0.156028965
41188_at,-0.062604571
41189_at,-0.090114112
41190_at,0.086010639
41191_at,-1.617662083
41192_at,0.097835521
41193_at,-1.739395751
41194_at,0.13194051
41195_at,-0.411665845
41196_at,0.288619612
41197_at,-0.059188144
41198_at,-0.580832633
41199_s_at,0.300947602
41200_at,-0.201784002
41201_at,-0.010994967
41202_s_at,-0.073780408
41203_at,-0.169113572
41204_s_at,-0.153174832
41205_at,0.150835413
41206_r_at,0.244578591
41207_at,-0.078964593
41208_at,0.048374815
41209_at,0.130290691
41210_at,0.00251952
41211_at,0.00329997
41212_r_at,0.265565672
41213_at,0.224077569
41214_at,-1.61893282
41215_s_at,-0.913132809
41216_r_at,-0.144740565
41217_at,0.057715104
41218_at,0.163556579
41219_at,-0.169252532
41220_at,-0.655932125
41221_at,-0.238587202
41222_at,-0.165952218
41223_at,0.361388425
41224_at,0.081101386
41225_at,-0.476476503
41226_at,-0.281123105
41227_at,-0.199279123
41228_r_at,0.474534257
41229_at,-0.244355611
41230_at,0.172248105
41231_f_at,0.209733392
41232_at,-0.179681092
41233_at,0.156564393
41234_at,0.06605417
41235_at,-0.033417107
41236_at,0.300845465
41237_at,-2.881368425
41238_s_at,0.132305095
41239_r_at,0.156488546
41240_at,0.149029325
41241_at,0.176132036
41242_at,0.669070964
41243_at,0.105691767
41244_f_at,0.02116311
41245_at,0.108053692
41246_at,-2.841062196
41247_at,0.108779488
41248_at,0.067705661
41249_at,0.163060969
41250_at,0.115603335
41251_at,0.365015325
41252_s_at,0.181908119
41253_s_at,-0.000832514
41254_at,-0.049013217
41255_at,0.016470859
41256_at,0.004150488
41257_at,-0.249066063
41258_at,0.213968788
41259_at,0.483704626
41260_at,-0.250772053
41261_at,0.273757325
41262_at,0.024946171
41263_at,0.104275193
41264_at,-0.041773636
41265_at,0.048253015
41266_at,-1.46771603
41267_at,-0.270602411
41268_g_at,0.086713404
41269_r_at,-0.035752619
41270_at,0.182633996
41271_at,-0.031599456
41272_s_at,0.338954472
41273_at,-0.5005775
41274_at,-0.267287627
41275_at,-0.183248845
41276_at,0.027107345
41277_at,0.078414538
41278_at,0.117804444
41279_f_at,-0.011479479
41280_r_at,-0.031898314
41281_s_at,-0.115307607
41282_s_at,0.120624913
41283_at,0.17951432
41284_at,0.156281914
41285_at,0.004384882
41286_at,0.09446723
41287_s_at,-0.013270245
41288_at,-0.454203059
41289_at,-0.06460736
41290_at,0.161650704
41291_at,-0.46839778
41292_at,-0.141829277
41293_at,0.151435214
41294_at,-0.717791757
41295_at,0.050556692
41296_s_at,0.374216125
41297_at,0.044478376
41298_at,0.304817741
41299_f_at,0.222082417
413_at,0.240451713
41300_s_at,-0.836930054
41301_at,0.032459822
41302_at,0.138889803
41303_r_at,-0.178849559
41304_at,-0.047002377
41305_at,0.103107609
41306_at,0.176840248
41307_at,0.066496462
41308_at,-0.297706452
41309_g_at,-0.195433997
41310_f_at,0.01989856
41311_f_at,0.218129504
41312_r_at,0.189681526
41313_at,0.129814086
41314_at,-0.07688807
41315_at,0.246276367
41316_s_at,0.110350878
41317_at,-0.281525855
41318_g_at,0.11542503
41319_at,0.216379846
41320_s_at,-0.516507267
41321_s_at,0.120598478
41322_s_at,0.400056031
41323_at,-0.131688848
41324_g_at,-0.026109553
41325_at,0.142983707
41326_at,0.117949449
41327_at,0.108796688
41328_s_at,0.222757806
41329_at,0.201228094
41330_s_at,0.078326681
41331_at,0.107825227
41332_at,0.1116963
41333_at,0.025773796
41334_r_at,-0.095441988
41335_at,0.365632595
41336_at,0.228518301
41337_at,-0.071751002
41338_at,0.08449885
41339_at,0.275231091
41340_at,0.105884427
41341_at,0.067802003
41342_at,0.821257467
41343_at,-0.20205556
41344_s_at,-0.190439978
41345_at,0.227617543
41346_at,-0.170799355
41347_at,0.14773917
41348_at,-0.150165849
41349_at,0.179576206
41350_at,-0.726337679
41351_at,0.171269633
41352_at,0.286811434
41353_at,-0.180251613
41354_at,-0.799322209
41355_at,-0.072305505
41356_at,-0.094692409
41357_at,0.216541533
41358_at,-0.043376754
41359_at,0.359276985
41360_at,0.01528481
41361_at,0.160815211
41362_at,-0.742825211
41363_at,0.287776644
41364_r_at,-0.125691239
41365_at,-0.076099869
41366_at,-0.283298844
41367_at,0.026094491
41368_at,0.01880563
41369_at,0
41370_at,0.498502588
41371_at,0.342544806
41372_at,-0.126364481
41373_s_at,0.210536913
41374_at,0.176862531
41375_at,0.537273803
41376_i_at,-0.177604681
41377_f_at,-0.40519003
41378_at,-0.059897603
41379_at,-0.208223846
41380_at,0.229011052
41381_at,0.260874604
41382_at,0.003506676
41383_at,0.013402256
41384_at,0.248309785
41385_at,-0.870475363
41386_i_at,0.151581648
41387_r_at,-0.019129257
41388_at,0.144768634
41389_s_at,-0.28571907
41390_at,0.02812838
41391_at,0.252581281
41392_at,0.201898686
41393_at,0.468231061
41394_at,-0.059816892
41395_at,0.112635708
41396_at,-0.155843043
41397_at,0.029135448
41398_at,0.047923742
41399_at,-0.220087209
414_at,0.187777318
41400_at,0.293679591
41401_at,-0.675659397
41402_at,0.058131637
41403_at,0.549998857
41404_at,-0.246792879
41405_at,0.120732081
41406_at,-0.190437344
41407_at,0.245206395
41408_at,0.937398139
41409_at,0.108469373
41410_at,0.6062282
41411_at,0.630572199
41412_at,0.032462461
41413_at,-0.166154142
41414_at,-0.028566313
41415_at,0.433344398
41416_at,-0.700949572
41417_at,0.046201904
41418_at,-0.07199199
41419_at,0.069223248
41420_at,-0.363000219
41421_at,0.002037344
41422_at,0.172240817
41423_at,-0.193714357
41424_at,0.110742046
41425_at,-0.347392584
41426_at,0.148695029
41427_at,0.185171213
41428_at,0.24983601
41429_at,0.186133564
41430_at,0.055703581
41431_at,-0.357405308
41432_at,-0.174200287
41433_at,-0.275316732
41434_at,-0.151647326
41435_at,0.20469105
41436_at,-0.356281966
41437_at,0.057044141
41438_at,0.064080048
41439_at,-1.292452862
41440_at,0.11298255
41441_at,0.629710582
41442_at,0.534456086
41443_at,0.086425118
41444_at,0.161344679
41445_at,-0.050719197
41446_f_at,-0.565690683
41447_at,-0.367279889
41448_at,-0.201778132
41449_at,-1.139927568
41450_at,0.117338718
41451_s_at,0.49058138
41452_at,0.110548548
41453_at,0.050099493
41454_at,0.596686583
41455_at,-0.05648761
41456_at,0.206183998
41457_at,-0.247971082
41458_at,-0.097487364
41459_at,-0.090723301
41460_at,0.005188785
41461_at,-0.040622256
41462_at,-0.021621983
41463_at,0.200000628
41464_at,0.137305933
41465_at,-0.061499172
41466_s_at,-0.136384448
41467_at,0.039069652
41468_at,0.085630047
41469_at,0.177745653
41470_at,-0.706669954
41471_at,-0.06239997
41472_at,0.143697103
41473_at,0.444339936
41474_at,0.312411915
41475_at,-0.263255956
41476_at,-0.010050023
41477_at,0.078164494
41478_at,-0.092804258
41479_s_at,0.200353132
41480_at,0.34646682
41481_at,-0.630682659
41482_at,0.095573344
41483_s_at,-0.175524669
41484_r_at,-0.088045185
41485_at,-0.465212199
41486_at,-0.023778054
41487_at,0.167748522
41488_at,-0.118751123
41489_at,-0.64602169
41490_at,-0.095415897
41491_s_at,0.008423709
41492_r_at,-0.00565952
41493_at,-0.048067714
41494_at,-0.071959226
41495_at,-0.053825273
41496_at,0.200124284
41497_at,0.179847743
41498_at,-0.670377679
41499_at,0.205899404
415_at,0.35732958
41500_at,0.168105458
41501_at,0.065211314
41502_at,0.409756743
41503_at,-0.957787441
41504_s_at,-2.550742896
41505_r_at,-1.774846146
41506_at,0.151641458
41507_at,0.287025712
41508_at,0.130801787
41509_at,0.298871213
41510_s_at,0.410032797
41511_at,0.034397968
41512_at,0.372862688
41513_s_at,-0.033678569
41514_s_at,0.205623987
41515_at,0.178966246
41516_at,-0.072412447
41517_g_at,-0.083138024
41518_at,0.332729288
41519_at,0.33170631
41520_at,0.146451393
41521_at,0.163994528
41522_at,-0.081848052
41523_at,-0.11213965
41524_at,-0.033734782
41525_at,0.060849683
41526_at,-0.211601432
41527_f_at,-0.082071192
41528_at,0.071035278
41529_g_at,-0.197077187
41530_at,-0.374822239
41531_at,-2.5296122
41532_at,0.165518044
41533_at,-0.018536939
41534_at,-0.290396649
41535_at,-0.574649515
41536_at,0.056021131
41537_r_at,0.065858542
41538_r_at,0.127782965
41539_at,0.004258249
41540_at,-0.129913769
41541_at,0.099391158
41542_at,-0.392136822
41543_at,-0.03894038
41544_at,-1.696144596
41545_at,0.145430582
41546_at,0.161111924
41547_at,-0.036177846
41548_at,0.176029094
41549_s_at,-0.380100774
41550_at,0.001151114
41551_at,0.478359956
41552_g_at,0.367749072
41553_at,0.300919408
41554_at,-0.021396894
41555_at,0.268227847
41556_s_at,0.015898617
41557_at,0.417464807
41558_s_at,0.186477065
41559_at,-0.80912964
41560_at,0.042100699
41561_s_at,0.088331061
41562_at,0.365614228
41563_at,-0.050676968
41564_at,0.111318384
41565_at,-0.122042819
41566_at,0.099641615
41567_at,0.192949882
41568_at,0.116936688
41569_at,0.487916446
41570_at,0.052424466
41571_at,0.061834703
41572_r_at,-0.25220635
41573_at,-0.046852236
41574_at,-0.16091471
41575_at,-0.06635573
41576_at,0.005078749
41577_at,0.245137324
41578_at,0.060072235
41579_s_at,0.063741472
41580_at,-0.041075615
41581_at,0.166295815
41582_at,0.05233369
41583_at,0.216248763
41584_at,0.337790485
41585_at,0.200894572
41586_at,0.091831993
41587_g_at,0.328599459
41588_at,0.060210836
41589_at,0.173371664
41590_at,0.042687416
41591_at,0.169248096
41592_at,-0.021795591
41593_at,0.023143938
41594_at,-0.192671416
41595_at,0.035836142
41596_s_at,-0.303667581
41597_s_at,-0.256402482
41598_at,-0.052355999
41599_at,0.047090881
416_s_at,0.022884021
41600_at,0.481236485
41601_at,0.077116847
41602_at,0.044793593
41603_at,0.324099667
41604_at,-0.170434825
41605_at,-0.173334272
41606_at,0.29613514
41607_at,0.132907429
41608_at,-0.04114853
41609_at,0.0238792
41610_at,-0.479369703
41611_at,0.097231826
41612_at,-0.047641915
41613_at,0.112286745
41614_at,-0.120900458
41615_at,-0.037431948
41616_at,-0.079670918
41617_at,0.668777518
41618_at,-0.012924185
41619_at,0.076656349
41620_at,-0.365416341
41621_i_at,-0.013856783
41622_r_at,0.017972204
41623_s_at,-0.069101219
41624_r_at,-0.092392023
41625_at,-0.027806626
41626_at,0.051633718
41627_at,0.167503971
41628_at,-0.859262577
41629_at,0.323217242
41630_at,0.08304245
41631_f_at,0.461806586
41632_at,0.48629875
41633_at,-0.141884971
41634_at,-0.339212223
41635_at,0.588470931
41636_at,-0.088067429
41637_at,-0.092431226
41638_at,0.340441072
41639_at,0.247905638
41640_at,0.121629887
41641_at,-0.025331152
41642_at,0.167150266
41643_at,-0.118262394
41644_at,-0.187816427
41645_at,0.048707002
41646_at,0.534734796
41647_at,0.038005541
41648_at,-0.12077787
41649_at,-0.049372906
41650_at,0.122864398
41651_at,-0.117079885
41652_at,0.120186229
41653_at,0.042335793
41654_at,-0.984769808
41655_at,0.006961541
41656_at,-0.019865401
41657_at,0.189007504
41658_at,0.114287503
41659_at,0.066026004
41660_at,-0.20235368
41661_at,0.258403093
41662_at,-0.124692738
41663_at,-0.219779819
41664_at,0.215936611
41665_at,0.048290769
41666_at,-0.388747308
41667_s_at,-0.065857125
41668_r_at,0.010333588
41669_at,0.012191603
41670_at,0.202511625
41671_at,-0.206966228
41672_at,-0.080052651
41673_at,0.209011576
41674_at,-0.186180194
41675_at,0.09675679
41676_at,0.246898151
41677_at,0.382136109
41678_at,-0.202767459
41679_at,-0.125306805
41680_at,-0.208912024
41681_at,0.12582058
41682_s_at,-0.138065652
41683_i_at,-0.369521204
41684_at,0.125444149
41685_at,0.052250041
41686_s_at,0.114180705
41687_r_at,0.031140357
41688_at,-0.248852925
41689_at,0.024364733
41690_at,-1.387336691
41691_at,-0.041583937
41692_at,-0.020562379
41693_r_at,-0.028215521
41694_at,0.098590765
41695_at,0.263126557
41696_at,0.139270103
41697_at,-0.019709741
41698_at,0.182844654
41699_f_at,-0.020011088
417_at,0.033550088
41700_at,-0.753434914
41701_at,0.087406889
41702_r_at,-0.032627728
41703_r_at,0.195882072
41704_at,0.101853657
41705_at,0.096284449
41706_at,0.017460792
41707_at,-0.013152959
41708_at,0.501711263
41709_at,-0.071751472
41710_at,-0.400539962
41711_at,0.247855188
41712_at,0.328272118
41713_at,-0.323029322
41714_at,0.14496867
41715_at,-0.211119514
41716_at,0.144586549
41717_at,0.039643845
41718_g_at,0.099851696
41719_i_at,0.248802604
41720_r_at,0.182018259
41721_at,0.213977347
41722_at,-0.203930497
41723_s_at,-0.076012074
41724_at,0.042655968
41725_at,0.023827354
41726_at,-0.178449557
41727_at,0.035760679
41728_at,-0.24167941
41729_at,-0.07246407
41730_at,0.031385662
41731_g_at,0.113283893
41732_at,0.405406519
41733_at,0.506755813
41734_at,-0.092828329
41735_at,-0.167043325
41736_g_at,0.084463344
41737_at,0.016873855
41738_at,-1.614902018
41739_s_at,-1.199210997
41740_at,0.056205916
41741_at,0.364732766
41742_s_at,-0.093313593
41743_i_at,-0.238048844
41744_at,-0.015959951
41745_at,-0.328632099
41746_at,0.41351049
41747_s_at,-0.777879908
41748_at,-0.020168395
41749_at,0.236542267
41750_at,-0.195072678
41751_at,-0.032336175
41752_at,0.327565098
41753_at,-0.480483484
41754_at,0.124939318
41755_at,-0.206898749
41756_at,0.226022398
41757_at,-0.056355259
41758_at,-0.325787504
41759_at,0.042596633
41760_at,0.369830846
41761_at,0.070702739
41762_at,-0.253741269
41763_g_at,0.087356127
41764_at,0.164443604
41765_at,0.294597896
41766_at,0.493816598
41767_r_at,-0.051906402
41768_at,-0.598594854
41769_at,0.199808883
41770_at,-0.097900624
41771_g_at,0.048807684
41772_at,-0.270515249
41773_at,-0.080066705
41774_at,0.119462082
41775_at,-0.028725181
41776_at,-0.092804771
41777_at,0.248826367
41778_at,0.307581426
41779_at,-0.080793729
41780_at,-0.202675447
41781_at,0.072062196
41782_g_at,-0.024606265
41783_at,-0.631975127
41784_at,-0.094778954
41785_at,-0.000707576
41786_at,0.142566612
41787_at,0.227669082
41788_i_at,-0.158319369
41789_r_at,0.105073106
41790_at,0.240403862
41791_at,0.176071909
41792_at,0.192298719
41793_at,0.102192806
41794_at,0.084951287
41795_at,0.005721816
41796_at,-0.134448049
41797_at,0.229450997
41798_at,0.130819545
41799_at,0.077010802
418_at,-0.109163842
41800_s_at,0.347515589
41801_at,-0.042727707
41802_at,0.121087406
41803_g_at,0.262109976
41804_at,0.112329139
41805_g_at,0.105168194
41806_at,0.104147186
41807_at,-0.010611631
41808_at,0.008620985
41809_at,-0.716339444
41810_at,-0.028195457
41811_f_at,0.003574839
41812_s_at,0.186552176
41813_at,0.192403094
41814_at,0.084875402
41815_at,-1.002653599
41816_at,-0.156178498
41817_g_at,-0.005272303
41818_at,0.152801214
41819_at,-0.332036787
41820_s_at,0.298733972
41821_at,0.100910015
41822_at,0.112555743
41823_at,-0.129957004
41824_at,0.433359592
41825_at,0.126001377
41826_at,-0.266774884
41827_f_at,-1.668466207
41828_at,-0.244314303
41829_at,-0.118901301
41830_at,-0.186502435
41831_at,-0.199521193
41832_s_at,0.299916129
41833_at,0.301509491
41834_g_at,0.369578432
41835_at,0.269711671
41836_at,-0.021552507
41837_at,-0.336535106
41838_at,0.473663062
41839_at,-0.770065554
41840_r_at,0.133121163
41841_at,-0.224199681
41842_at,0.062219137
41843_r_at,0.02758494
41844_at,0.011558425
41845_at,0.07967942
41846_at,0.190266385
41847_at,0.005292879
41848_f_at,0.114724508
41849_r_at,0.092137082
41850_s_at,0.12170661
41851_at,0.2342032
41852_at,0.198938988
41853_at,0.167593498
41854_at,0.241446201
41855_at,0.614971007
41856_at,0.06439301
41857_r_at,-0.063901469
41858_at,0.116338891
41859_at,-0.203949937
41860_at,0.349371563
41861_at,0.410316813
41862_at,0.032340681
41863_at,0.04724443
41864_at,0.177296967
41865_at,0.063603476
41866_s_at,-0.064588852
41867_at,-0.10243683
41868_at,-0.069405003
41869_at,0.224469876
41870_at,-0.303790001
41871_at,-0.164187898
41872_at,-1.253577545
41873_at,0.061734774
419_at,-0.138952412
420_at,0.277677796
421_at,-0.004488142
422_s_at,0.129344206
423_at,-0.044505407
424_s_at,-0.32419824
425_at,-0.085030264
427_f_at,0.035652103
428_s_at,-0.1719018
429_f_at,-0.284209373
430_at,0.159866171
431_at,0.00900685
432_s_at,0.278674615
433_at,0.213029292
434_at,-1.414564153
435_g_at,-0.622843446
436_at,0.101014373
437_at,0.059931996
438_at,-0.151736511
440_at,-0.014198008
441_s_at,-0.006061397
442_at,-0.288497453
443_at,-0.058868423
444_g_at,-0.054150255
445_at,-0.083871966
446_at,-0.121189648
447_g_at,0.214873669
448_s_at,-0.059896112
449_at,-0.121330438
450_g_at,-0.050163696
451_at,0.071903504
452_at,0.198545958
453_at,-0.162288919
454_at,-0.110408604
455_at,-0.107344981
456_at,-0.267517439
457_s_at,-0.160482759
458_at,-0.079461843
459_s_at,-0.228789921
460_at,-0.077468969
461_at,-0.071117858
462_at,0.151728706
463_g_at,-0.133001949
464_s_at,-0.126290527
465_at,0.201070109
466_at,-0.237725263
467_at,-0.080490925
468_at,0.446661983
469_at,-0.004210143
470_at,0.040492259
471_f_at,-0.366221433
472_at,-0.149408183
473_g_at,0.088063501
474_at,0.30974415
475_at,0.146494678
476_s_at,0.182931635
477_at,0.040753905
478_g_at,0.039007547
479_at,-0.448620371
480_at,0.217101245
481_at,-0.077440087
482_at,-0.080791745
483_g_at,-1.363285581
484_at,0.114414494
485_at,0.130872802
486_at,0.306165087
487_g_at,0.291339379
488_at,-0.257716977
489_at,-0.029548423
490_g_at,0.096943588
491_at,-0.359442648
492_g_at,-0.254995496
493_at,-0.268565483
494_at,0.118529343
495_at,0.294453437
496_s_at,-0.017178612
497_at,-0.202302345
498_at,-0.30884682
499_at,-0.068384981
500_at,0.009690592
501_g_at,0.024136425
502_s_at,0.134698941
503_at,0.397960684
504_at,0.037794447
505_at,0.036918158
506_s_at,0.799165985
507_s_at,0.119265934
508_at,0.030900614
509_at,-0.270569625
510_g_at,-0.135161955
511_s_at,-0.015347171
512_at,-0.047078765
513_at,0.104974783
514_at,-0.136695141
515_s_at,0.21910076
517_at,0.137869717
518_at,-0.164799795
519_g_at,-0.168539845
520_at,0.05669155
521_at,0.162686079
522_s_at,0.183081432
523_s_at,-0.041885077
524_at,-0.212921504
525_g_at,-0.166495816
526_s_at,0.019133803
527_at,0.316944965
528_at,0.410847593
529_at,-0.63673356
530_at,0.008680729
531_at,-0.235373954
532_at,-0.186434961
533_g_at,-0.014728551
534_s_at,-0.371899855
535_s_at,0.051502616
537_f_at,-0.074634598
538_at,-0.109621562
539_at,-0.262998331
540_at,0.182989678
541_g_at,0.060814943
542_at,-0.4623342
543_g_at,-0.740856668
544_at,-0.219800668
545_g_at,-0.052381872
546_at,-0.206454653
547_s_at,-0.082567356
548_s_at,0.474360777
549_at,0.217491463
550_at,0.117408583
551_at,-0.089588177
552_at,-0.240417926
553_g_at,-0.626097598
554_at,0.014157967
555_at,0.026378369
556_s_at,-0.151228044
557_s_at,0.150290301
558_at,0.21842326
559_s_at,0.030631287
560_s_at,1.011543887
561_at,0.130709625
562_g_at,0.217693798
563_at,0.217321857
564_at,-0.235102856
565_at,-0.006650525
566_at,0.032936385
567_s_at,0.034724018
568_at,0.129277339
569_g_at,0.069951293
570_at,0.027101561
571_at,-0.01287141
572_at,0.312869117
573_at,0.054455565
574_s_at,-0.024051498
575_s_at,0.146480842
576_at,0.937461608
577_at,0.059094659
578_at,0.271709348
579_at,0.217171644
580_at,0.318311024
581_at,-1.48502657
582_g_at,0.039061618
583_s_at,-0.059238714
584_s_at,-0.053510221
585_at,-0.248543536
586_s_at,0.358636496
587_at,0.102852829
588_at,0.122849164
589_at,-0.162193331
590_at,0.675517771
591_s_at,-0.029006
592_at,0.292466773
593_s_at,0.116014539
594_s_at,-0.149831932
595_at,-0.264600716
596_s_at,0.079629791
597_at,-0.019439486
598_at,0.090065381
599_at,0.082055232
600_at,-0.061437669
601_s_at,0.040344846
602_s_at,0.215849162
603_at,-0.083927947
604_at,0.413139708
605_at,-0.321166526
606_at,0.087382806
607_s_at,-0.02191299
608_at,-0.772234932
609_f_at,-0.52752101
610_at,-0.075563601
611_at,0.341787564
612_s_at,-0.155665441
613_at,0.139789099
614_at,0.117729255
615_s_at,0.078765296
616_s_at,0.076187248
617_at,0.243897974
618_at,-0.089809865
619_s_at,0.202961193
620_at,0.233659815
621_at,0.043781856
622_at,-0.014803099
623_s_at,0.209533228
624_at,-0.185278939
625_at,-0.555248752
626_s_at,-0.112615049
627_g_at,0.125356828
628_at,-0.591159262
629_at,0.231231245
630_at,0.022399428
631_g_at,-0.000687997
632_at,-0.068625714
633_s_at,0.444928449
634_at,-0.101302257
635_s_at,-0.195178528
636_at,0.160188178
637_at,0.308331036
638_at,0.101218052
639_s_at,0.305727574
640_at,0.087438718
641_at,-0.358135848
642_s_at,-0.217475603
643_at,0.047245043
644_at,0.135092874
645_at,-0.02077782
646_s_at,-0.126429836
647_at,-0.447679393
648_at,0.090975047
649_s_at,-1.354008489
650_s_at,0.065939536
651_at,0.311254321
652_g_at,0.319395227
653_at,0.206970939
654_at,-0.468618553
655_at,0.071378941
656_at,-0.041866694
657_at,-0.401799084
658_at,-2.783858326
659_g_at,-1.176404646
660_at,-0.145415664
661_at,-0.655716334
662_at,0.178761804
663_at,0.110689353
664_at,0.066444782
665_at,-0.102669539
666_at,0.081596827
667_at,0.279766466
668_s_at,0.281579558
669_s_at,-0.134055897
670_s_at,-0.086711392
671_at,-2.223022796
672_at,-1.306149697
673_at,0.002779481
674_g_at,0.212079724
675_at,0.856599303
676_g_at,0.221001106
677_s_at,0.123064771
678_at,0.014056417
679_at,-0.151267051
680_s_at,0.214564604
681_at,-0.132742236
682_at,-0.009891748
683_at,0.272412218
684_at,-1.004924701
685_f_at,0.132294854
686_s_at,0.049108231
687_at,0.306624018
688_at,0.204892105
689_at,0.01917142
690_s_at,0.163228442
691_g_at,-0.430487127
692_s_at,-0.02341023
693_g_at,-0.03337847
694_at,0.168614385
695_at,0.091920923
696_at,0.025641409
697_f_at,0.045335323
698_f_at,-0.133787191
699_s_at,0.131622763
700_s_at,-0.653039441
701_s_at,0.128889001
702_f_at,-0.0460779
703_at,0.267574994
704_at,-0.051398316
705_at,0.279618906
706_at,-0.265358406
707_s_at,0.166256425
708_at,0.159166076
709_at,0.087452127
710_at,0.152865207
711_at,0.08001163
712_s_at,-0.039532538
713_at,-0.058144527
714_at,-0.198531639
715_s_at,-0.061169355
716_at,0.05869648
717_at,-0.593011999
718_at,-1.078110094
719_g_at,-1.948153211
720_at,-0.018012556
721_g_at,-0.144654039
722_at,-0.023827452
723_s_at,0.079589787
724_at,0.046185427
725_i_at,-0.408099399
726_f_at,0.107713444
727_at,0.038084142
728_at,-0.154736351
729_i_at,0.131509503
730_r_at,0.019195106
731_f_at,-0.063789838
732_f_at,-0.060947247
733_at,0.286314332
734_at,0.05447841
735_s_at,-0.2183872
736_f_at,0.051067668
737_at,0.389533576
738_at,-0.476525855
739_at,-0.007741044
740_at,0.065260953
741_g_at,0.088324357
742_at,0.098960544
743_at,-0.022733426
744_at,-0.071171534
745_at,-0.213591663
746_at,0.08432411
747_at,-0.020004236
748_s_at,-0.277687987
749_at,0.033221475
750_at,0.117270666
751_at,0.164976008
752_s_at,-0.082961749
753_at,-1.407802045
754_s_at,-0.016408106
755_at,-0.040161611
756_at,-0.313910794
757_at,-0.252080854
758_at,0.114965015
759_at,-0.098708528
760_at,-0.170552699
761_g_at,0.054053036
762_f_at,0.50950834
763_at,-0.215854622
764_s_at,0.16423314
765_s_at,0.195520494
766_at,-0.019798474
767_at,0.083693641
768_at,0.184989587
769_s_at,-0.394859811
770_at,-0.808282002
771_s_at,-0.031777197
772_at,-0.117172439
773_at,0.630867204
774_g_at,0.123746471
775_at,0.200263503
776_at,-0.021962769
777_at,-0.016402718
778_s_at,0.197143468
779_at,-0.196013813
780_at,0.076109284
781_at,0.514381791
782_at,0.532298821
783_at,-0.311508781
784_g_at,-0.181055514
785_at,0.081196132
786_at,0.157666201
789_at,0.003918546
790_at,0.184899679
791_g_at,0.015454602
792_s_at,-0.265661068
793_at,-0.203895176
794_at,-0.074584493
795_s_at,0.042672538
796_i_at,0.433312531
797_at,0.138633416
798_at,0.697424504
799_at,0.100764631
800_g_at,0.031809376
801_at,-0.081363872
802_at,0.319193678
803_at,0.427866895
804_s_at,0.00447323
805_at,0.077271557
806_at,-0.003102262
807_at,0.10994103
808_at,-0.052263253
809_at,0.808485612
810_at,-0.121776967
811_at,0.965269281
812_at,0.066313664
813_at,0.338672726
814_s_at,0.01824935
815_at,-0.110090319
816_g_at,0.204432062
817_at,0.032732777
818_s_at,-0.736406785
819_at,-0.098927634
820_at,0.364993251
821_s_at,-0.791788127
822_s_at,0.234857687
823_at,-0.086150807
824_at,0.586051553
825_at,0.027466796
826_at,-0.205777413
827_s_at,0.278185338
828_at,-0.295642738
829_s_at,0.379275473
830_at,-0.077091651
831_at,0.251702308
832_at,0.228367858
833_at,0.090107087
834_at,0.313633884
835_at,-0.201234149
836_at,0.013034388
837_s_at,-0.176987375
838_s_at,-0.03567398
839_at,0.065406444
840_at,-0.016072262
841_at,-0.074314061
842_at,0.405578666
843_at,-0.392623828
844_at,0.129017536
845_at,-0.071294743
846_s_at,0.000213551
847_at,0.203391272
848_at,-0.03208572
849_g_at,-0.312343517
850_r_at,-0.521293466
851_s_at,-1.199655022
852_at,0.047895639
853_at,0.15348761
854_at,-0.024180067
855_at,0.713861718
856_at,0.06104758
857_at,-0.209001832
858_at,-0.07298994
859_at,-1.051441474
860_at,0.456804549
861_g_at,0.301449757
862_at,-0.279431137
863_g_at,-0.334409639
864_at,-0.155418082
865_at,-0.360473727
866_at,0.1630588
867_s_at,0.033577734
868_at,0.105296403
869_at,0.422408741
870_f_at,-0.213992041
871_s_at,-0.109213019
872_i_at,-1.318666215
873_at,-0.17579044
874_at,0.234443092
875_g_at,-0.268703531
876_at,0.361396375
877_at,-0.045638573
878_s_at,0.048972728
879_at,-0.236578942
880_at,-0.40350438
881_at,0.249567785
882_at,-0.04343638
883_s_at,0.555775158
884_at,-0.452581812
885_g_at,-0.367175605
886_at,0.067917073
887_at,0.087912583
888_s_at,0.004626683
889_at,-0.085725037
890_at,-0.02911323
891_at,0.07822733
892_at,-1.978300789
893_at,-0.059312359
894_g_at,-0.034004524
895_at,-0.364224524
896_at,0.129831064
897_at,0.022995675
898_s_at,-0.185677814
899_at,0.140963215
900_at,-0.004854801
901_g_at,-0.143148781
902_at,-0.135681446
903_at,0.231993308
904_s_at,-0.004099429
905_at,0.061762273
906_at,0.023427215
907_at,-1.168515303
908_at,0.178732279
909_g_at,0.057753683
910_at,-0.034096782
911_s_at,-0.161287856
912_s_at,0.114367651
913_at,0.210111202
914_g_at,-0.145512515
915_at,-0.100985982
916_at,-0.089507159
917_g_at,0.085183211
918_at,-0.111233343
919_at,-0.238710423
920_at,0.131922617
921_s_at,0.041928633
922_at,-0.384458733
923_at,0.092696654
924_s_at,-0.059125161
925_at,0.320532908
926_at,-0.056863638
927_s_at,-0.357917737
928_at,0.07740817
929_at,0.011144276
930_at,-0.378587145
931_at,0.017651077
932_i_at,-0.586493143
933_f_at,-0.593746603
934_at,0.236395587
935_at,-0.227180599
936_s_at,-0.128788885
937_at,0.158323215
938_at,0.19146393
939_at,0.043278259
940_g_at,0.206052297
941_at,0.100388422
942_at,-0.177768051
943_at,-0.221263468
944_s_at,-0.048134475
945_at,0.185183306
946_at,0.303046846
947_at,0.316382846
948_s_at,0.244525272
949_s_at,0.362193645
950_at,-0.159938247
951_at,0.143149767
952_at,0.189403205
953_g_at,-0.592003504
954_s_at,0.004889413
955_at,-0.251438397
956_at,-0.035121105
957_at,-0.19986104
958_s_at,0.228685718
959_at,0.075025476
960_g_at,0.142068553
961_at,0.137713783
962_at,0.116347769
963_at,0.053066464
964_at,0.043037542
965_at,0.138295746
966_at,0.081444078
967_g_at,0.143971109
968_i_at,-0.17102626
969_s_at,-0.169342629
970_r_at,-0.15442205
971_s_at,0.058362446
973_at,-0.619692218
974_at,-0.055459709
975_at,0.236686673
976_s_at,0.590665978
977_s_at,-1.337699309
978_at,0.318370839
979_g_at,0.17194667
980_at,-0.063611085
981_at,-0.024742293
982_at,-0.038711063
983_at,0.075106329
984_g_at,0.112928901
986_at,0.277811933
987_g_at,0.155805041
988_at,-0.390732879
989_at,0.055503623
990_at,0.258809013
991_g_at,0.177152673
992_at,0.055656792
993_at,0.095463721
994_at,-0.556007218
995_g_at,-1.405190074
996_at,0.013080496
998_s_at,0.093251165
999_at,-0.521121299
AFFX-BioB-3_at,-0.236289475
AFFX-BioB-3_st,0.150955994
AFFX-BioB-5_at,-0.312418877
AFFX-BioB-5_st,0.110851216
AFFX-BioB-M_at,-0.371771687
AFFX-BioB-M_st,0.178033563
AFFX-BioC-3_at,-0.49853662
AFFX-BioC-3_st,0.231247714
AFFX-BioC-5_at,-0.379046461
AFFX-BioC-5_st,0.163677621
AFFX-BioDn-3_at,-0.46158406
AFFX-BioDn-3_st,-0.06928256
AFFX-BioDn-5_at,-0.434775351
AFFX-BioDn-5_st,0.070516347
AFFX-CreX-3_at,-0.374398811
AFFX-CreX-3_st,0.180259998
AFFX-CreX-5_at,-0.31665013
AFFX-CreX-5_st,0.117704192
AFFX-DapX-3_at,0.020685158
AFFX-DapX-5_at,0.189782151
AFFX-DapX-M_at,0.033881868
AFFX-HSAC07/X00351_3_at,-0.272000047
AFFX-HSAC07/X00351_3_st,0.059261223
AFFX-HSAC07/X00351_5_at,-0.659819424
AFFX-HSAC07/X00351_5_st,0.026076625
AFFX-HSAC07/X00351_M_at,-0.555299152
AFFX-HSAC07/X00351_M_st,0.171374594
AFFX-hum_alu_at,-0.05940585
AFFX-HUMGAPDH/M33197_3_at,-0.277599032
AFFX-HUMGAPDH/M33197_3_st,-0.006615847
AFFX-HUMGAPDH/M33197_5_at,-0.510091357
AFFX-HUMGAPDH/M33197_5_st,-0.001547562
AFFX-HUMGAPDH/M33197_M_at,-0.489516556
AFFX-HUMGAPDH/M33197_M_st,-0.013845768
AFFX-HUMISGF3A/M97935_3_at,-0.174227955
AFFX-HUMISGF3A/M97935_5_at,-0.044241558
AFFX-HUMISGF3A/M97935_MA_at,0.005991134
AFFX-HUMISGF3A/M97935_MB_at,-0.042225232
AFFX-HUMRGE/M10098_3_at,0.676872315
AFFX-HUMRGE/M10098_5_at,1.344244185
AFFX-HUMRGE/M10098_M_at,1.443410501
AFFX-HUMTFRR/M11507_3_at,-0.200047247
AFFX-HUMTFRR/M11507_5_at,-0.087976758
AFFX-HUMTFRR/M11507_M_at,-0.215415001
AFFX-LysX-3_at,0.116183637
AFFX-LysX-5_at,0.006548501
AFFX-LysX-M_at,0.1374694
AFFX-M27830_3_at,0.195601167
AFFX-M27830_5_at,1.803302802
AFFX-M27830_M_at,0.258746063
AFFX-MurFAS_at,0.251063197
AFFX-MurIL10_at,0.383335372
AFFX-MurIL2_at,0.227449413
AFFX-MurIL4_at,0.222315398
AFFX-PheX-3_at,0.003497135
AFFX-PheX-5_at,0.047508063
AFFX-PheX-M_at,0.141140313
AFFX-ThrX-3_at,0.159202293
AFFX-ThrX-5_at,0.21373807
AFFX-ThrX-M_at,-0.00025755
AFFX-TrpnX-3_at,0.254777117
AFFX-TrpnX-5_at,0.256483343
AFFX-TrpnX-M_at,0.116447462
AFFX-YEL002c/WBP1_at,0.287178559
AFFX-YEL018w/_at,0.190071946
AFFX-YEL021w/URA3_at,-0.484969273
AFFX-YEL024w/RIP1_at,-0.129221224
